,Incremento HP,Total HP,Incremento Magic Power,Total Magic Power,Incremento Attack Damage,Incremento Attack Speed,Incremento Attack Resistance,Total Attack Damage,Incremento Magic Resistance,Total Attack Speed,Total Attack Resistance,Total Magic Resistance,ms,rng,Dificultad,AD,Defensa,AP,Play Rate,TOP Play Rate,Jungle Play Rate,MID Play Rate,ADC Play Rate,Support Play Rate,ID
0,0.5769230769230769,0.6596558317399618,0.0,0.0,1.0,0.3,0.65,0.9223300970873788,0.7916666666666666,0.3004128780304189,0.6397058823529411,0.7711442786069652,0.75,0.0952380952380952,0.3333333333333333,0.8,0.3333333333333333,0.2222222222222222,0.1632860169941959,0.7514157532531401,0.0009713379941116,0.0241370720945128,0.0,0.0,266
1,0.6153846153846154,0.6405353728489483,0.373134328358209,0.5486138227254979,0.6,0.2,0.7,0.5246601941747573,0.1666666666666666,0.2006281392257654,0.5135294117647058,0.2786069651741293,0.375,0.8095238095238095,0.4444444444444444,0.3,0.3333333333333333,0.7777777777777778,0.1047921081165356,0.0019490177976098,0.0,0.3120987830047683,0.0001682759384578,0.0067192512450113,103
2,0.6730769230769231,0.7361376673040153,0.0,0.1301574905635819,0.66,0.44,0.7,0.6650485436893204,0.7916666666666666,0.4400856339618647,0.5343137254901961,0.933665008291874,0.75,0.0,0.6666666666666666,0.5,0.2222222222222222,0.7777777777777778,0.3976117414444357,0.5051184345102867,0.0,0.7589281901644012,0.0,1.792995662444564e-05,84
3,0.8846153846153846,0.9133460803059276,0.5970149253731343,0.670311076402447,0.724,0.225,0.7,0.7053553398058252,0.7916666666666666,0.2251185112865091,0.7401960784313726,0.7711442786069652,0.375,0.0,0.6666666666666666,0.6,0.8888888888888888,0.4444444444444444,0.1621400780967634,0.0003741148713678,0.0,0.0,0.0,0.3908581127824155,12
4,0.4615384615384615,0.5938049713193115,0.5970149253731343,0.6294416243654823,0.7599999999999999,0.236,0.7599999999999999,0.66,0.7916666666666666,0.2362697469798736,0.6823529411764705,0.7711442786069652,0.5,0.0,0.2222222222222222,0.2,0.5555555555555556,0.7777777777777778,0.0302359202590941,0.0003439443172252,0.1033522805892692,0.0,0.0,5.2295706821298336e-05,32
5,0.4230769230769231,0.4340344168260038,0.373134328358209,0.598724456592477,0.64,0.1359999999999999,0.8,0.5415145631067961,0.1666666666666666,0.136132120969734,0.6001960784313726,0.2786069651741293,0.25,0.9047619047619048,1.0,0.1,0.3333333333333333,1.0,0.0851304329338728,0.0147262474769874,0.0,0.2350686783858799,0.0010550972343813,0.0217594965268179,34
6,0.5384615384615384,0.5736137667304015,0.373134328358209,0.5486138227254979,0.525,0.072,0.8,0.4372330097087378,0.1666666666666666,0.071600813993154,0.5805882352941176,0.2786069651741293,0.5,0.9523809523809524,0.5555555555555556,0.2,0.2222222222222222,1.0,0.0425273019765142,0.0061547930450838,0.0,0.1432460323108675,0.0002264979931141,0.0150357627926505,1
7,0.4807692307692308,0.5391969407265774,0.4776119402985074,0.5362488611219576,0.592,0.4659999999999999,0.6799999999999999,0.5953398058252427,0.1666666666666666,0.4664698340253844,0.5470588235294117,0.2786069651741293,0.25,0.9047619047619048,0.3333333333333333,0.7,0.2222222222222222,0.1111111111111111,0.148740317631301,8.447755159918572e-05,0.0,0.0003433919294,0.158334167612775,0.0292661717002529,22
8,0.6153846153846154,0.6873804971319312,0.746268656716418,0.7809449433814917,0.64,0.072,0.7200000000000001,0.596116504854369,0.1666666666666666,0.0721419077082328,0.511764705882353,0.2786069651741293,0.25,0.8095238095238095,0.6666666666666666,0.2,0.2222222222222222,0.7777777777777778,0.0,0.0020063418504807,0.0,0.0573944914952672,0.0,0.0,136
9,0.6153846153846154,0.6653919694072657,0.3134328358208955,0.5173760249902383,0.56,0.4,0.6,0.4815533980582523,0.1666666666666666,0.4000917506734264,0.4121568627450979,0.2786069651741293,0.5,0.7619047619047619,0.8888888888888888,0.6,0.2222222222222222,0.7777777777777778,0.0095253956217622,0.0013154361606159,0.0,0.0814586150451925,0.0001029536332337,0.0,268
10,0.5576923076923077,0.638623326959847,0.746268656716418,0.7809449433814917,0.6,0.2,0.8,0.5145631067961165,0.1666666666666666,0.2001223342312352,0.7254901960784313,0.2786069651741293,0.375,0.7142857142857143,0.8888888888888888,0.4,0.3333333333333333,0.4444444444444444,0.0882698944772406,0.00014180160447,0.0,0.0,0.0,0.235227583445271,432
11,0.6730769230769231,0.7434034416826003,0.5970149253731343,0.6164258753091241,0.7,0.026,0.7,0.6897087378640777,0.7916666666666666,0.0261489419265289,0.7009803921568627,0.7711442786069652,0.25,0.0,0.3333333333333333,0.4,0.7777777777777778,0.4444444444444444,0.1326645736923044,4.525583121384656e-05,0.0,0.0,0.0,0.3288757468947556,53
12,0.5384615384615384,0.5694837476099427,0.3134328358208955,0.5375504360275934,0.6,0.072,0.7,0.5634951456310681,0.1666666666666666,0.0721419077082328,0.5233333333333333,0.2786069651741293,0.625,0.8095238095238095,0.3333333333333333,0.2,0.1111111111111111,0.8888888888888888,0.095565067643703,0.0003741148713678,0.0002274218716819,0.0378033591915166,0.0027144257920862,0.212786748566724,63
13,0.5192307692307693,0.5726577437858509,0.6716417910447762,0.6999869842509436,0.64,0.5,0.8,0.5803495145631068,0.7916666666666666,0.5002999541246632,0.8529411764705882,0.7711442786069652,0.5,0.0,0.2222222222222222,0.3,0.8888888888888888,0.3333333333333333,0.0638976096153982,0.0,0.0,0.0,1.7040601362821186e-05,0.1838761876728559,201
14,0.5961538461538461,0.5812619502868069,0.5223880597014925,0.5913705583756346,0.576,0.6,0.7,0.5918446601941747,0.1666666666666666,0.5993906814251938,0.5833333333333334,0.2786069651741293,0.25,1.0,0.5555555555555556,0.8,0.1111111111111111,0.1111111111111111,0.2324385041138993,0.0001629209923698,0.0,0.0001921571418404,0.256140119184806,0.0,51
15,0.4807692307692308,0.5741873804971318,0.4776119402985074,0.5745151633476506,0.7,0.3,0.7599999999999999,0.7524271844660194,0.7916666666666666,0.3003305376824721,0.7019607843137254,0.7711442786069652,0.625,0.0,0.3333333333333333,0.8,0.5555555555555556,0.2222222222222222,0.1922760741848384,0.874143533394278,0.0041757943667876,0.0193865205323464,0.0,0.0008367313091408,164
16,0.5769230769230769,0.6548757170172084,0.5970149253731343,0.670311076402447,0.6,0.1,0.7,0.5242718446601942,0.1666666666666666,0.1003964099608295,0.5049019607843137,0.2786069651741293,0.325,0.8095238095238095,1.0,0.2,0.2222222222222222,0.8888888888888888,0.0313584726484157,0.032650573693087,0.0,0.1063269518183759,0.0046591844226182,4.183656545703983e-05,69
17,0.3846153846153846,0.4917782026768643,0.5970149253731343,0.6196798125732137,0.8400000000000001,0.088,0.7,0.8776699029126214,0.7916666666666666,0.0881394610236081,0.6813725490196079,0.7711442786069652,0.75,0.0,0.4444444444444444,0.3,0.6666666666666666,0.6666666666666666,0.0621025179473732,0.2792858026423371,0.006985687492208,0.0293715749768699,0.0033065866894442,0.002571454612556,31
18,0.5192307692307693,0.5516252390057361,0.5074626865671642,0.604034882207471,0.5,0.26,0.7,0.4611650485436893,0.1666666666666666,0.2602660769529365,0.5833333333333334,0.2786069651741293,0.25,0.8095238095238095,0.5555555555555556,0.8,0.2222222222222222,0.5555555555555556,0.0440509684140404,0.0056418936246602,0.0,0.1561045477190235,0.0038873871858937,0.0,42
19,0.7692307692307693,0.8243212237093688,0.5597014925373134,0.5860341012625276,1.0,0.0,0.8,0.9611650485436892,0.7916666666666666,0.000152917789044,0.7745098039215687,0.7711442786069652,0.625,0.0952380952380952,0.1111111111111111,0.9,0.4444444444444444,0.0,0.1432097628041131,0.6768341434127121,0.0081118367604165,0.0083072379190093,5.396190431560318e-05,0.0,122
20,0.6730769230769231,0.754302103250478,0.2985074626865671,0.4633606664063517,0.6,0.25,0.7200000000000001,0.5246601941747573,0.7916666666666666,0.250114688341783,0.6294117647058823,0.7711442786069652,0.75,0.0476190476190476,0.3333333333333333,0.7,0.5555555555555556,0.7777777777777778,0.2826323286583939,0.0131302251628455,0.4124090141261862,0.2248025051597751,0.0,1.6435793572407055e-05,131
21,0.5576923076923077,0.6458126195028681,0.0,0.0,0.7,0.36,0.7,0.6870873786407766,0.7916666666666666,0.3600978673849881,0.6617647058823529,0.7711442786069652,0.75,0.0,0.4444444444444444,0.5,0.6666666666666666,0.5555555555555556,0.2592146385367133,1.0,0.0767535116814011,0.0135968970180058,2.485087698744687e-05,0.0052938196933678,36
22,0.5384615384615384,0.621414913957935,0.582089552238806,0.6661200052062997,0.722,0.3400000000000001,0.66,0.6929126213592234,0.1666666666666666,0.3407361227106443,0.5598039215686273,0.2786069651741293,0.375,0.8095238095238095,0.7777777777777778,0.9,0.2222222222222222,0.0,0.1778366771315384,0.0173752221307048,0.0,0.0033680876805921,0.1961167309594356,0.0,119
23,0.4807692307692308,0.5831739961759083,0.746268656716418,0.7353898216842379,0.6,0.46,0.6,0.5728155339805825,0.7916666666666666,0.4600825756060837,0.5392156862745098,0.7678275290215588,0.625,0.0,0.7777777777777778,0.5,0.2222222222222222,0.6666666666666666,0.2326695344667521,0.0140021541775657,0.2804700782687441,0.2701996299195787,0.0,1.6435793572407055e-05,245
24,0.6346153846153846,0.6644359464627151,0.746268656716418,0.764024469608226,0.6,0.15,0.67,0.5436893203883495,0.1666666666666666,0.1501299801206874,0.5485294117647059,0.2786069651741293,0.375,0.8095238095238095,0.8888888888888888,0.6,0.4444444444444444,0.6666666666666666,0.113467085261539,0.0002775690981116,0.2636655199672293,0.0002419756600953,0.0,0.000522957068213,60
25,0.4615384615384615,0.5544933078393881,0.6268656716417911,0.6700507614213198,0.6,0.22,0.7,0.6019417475728155,0.7916666666666666,0.220613317963135,0.6715686274509803,0.7711442786069652,0.5,0.0,1.0,0.4,0.1111111111111111,0.6666666666666666,0.0998214121198806,0.0002655008764545,0.2378558775538722,0.0001316632268165,0.0,0.0,28
26,0.5,0.5095602294455067,0.6268656716417911,0.6993361967981258,0.5,0.1,0.7,0.5097087378640777,0.1666666666666666,0.1001376260101396,0.5245098039215687,0.2786069651741293,0.25,0.8095238095238095,0.6666666666666666,0.7,0.1111111111111111,0.5555555555555556,1.0,0.0107165808314401,0.0,0.0562184186178919,1.0,0.0006619142320524,81
27,0.3846153846153846,0.4439770554493308,0.417910447761194,0.6351685539502798,0.525,0.2219999999999999,0.7,0.4173300970873786,0.1666666666666666,0.2221189700398762,0.6029411764705882,0.2786069651741293,0.5,0.6761904761904762,0.8888888888888888,0.2,0.2222222222222222,0.8888888888888888,0.1324420475242192,0.0004103195363389,0.2857870920277673,0.000951889545228,0.0,0.015741007753212,9
28,0.4807692307692308,0.5497131931166348,0.5970149253731343,0.6377717037615516,0.66,0.44,0.7,0.7194174757281553,0.7916666666666666,0.4408502229070848,0.6323529411764706,0.7711442786069652,0.75,0.0476190476190476,0.2222222222222222,1.0,0.3333333333333333,0.1111111111111111,0.1374432168496247,0.6682626889808085,0.0,0.0095544801081773,0.0,0.0,114
29,0.7307692307692307,0.780114722753346,0.5522388059701493,0.6157750878563062,0.6,0.42,0.6799999999999999,0.5732038834951457,0.7916666666666666,0.4204768682436803,0.5118823529411763,0.7711442786069652,0.5,0.0952380952380952,0.5555555555555556,0.6,0.3333333333333333,0.6666666666666666,0.0698562084092213,0.0095791509402653,0.0,0.2282382036865703,0.0,6.126068513352406e-05,105
30,1.0,1.0,0.5970149253731343,0.7679291943251334,0.7,0.1,0.7,0.6650485436893204,0.7916666666666666,0.1001376260101396,0.5441176470588235,0.7678275290215588,0.5,0.0476190476190476,0.4444444444444444,0.1,1.0,0.5555555555555556,0.1171727837740154,0.0120018464379135,0.0,0.2140434844495053,0.0001384548860729,0.1102513032837221,3
31,0.4230769230769231,0.491395793499044,0.5970149253731343,0.6260575296108292,0.6,0.44,0.6,0.6310679611650486,0.7916666666666666,0.4404738098878996,0.5686274509803921,0.7711442786069652,0.75,0.0,0.8888888888888888,0.7,0.5555555555555556,0.3333333333333333,0.0728390512164527,0.3605833778349007,0.0,0.0288039997153227,0.0,0.0,41
32,0.4615384615384615,0.6003824091778203,0.0,0.0,0.9,0.5299999999999999,0.6,0.8980582524271845,0.7916666666666666,0.5300718713608507,0.5784313725490197,0.7711442786069652,0.625,0.0952380952380952,0.4444444444444444,0.7,0.6666666666666666,0.0,0.1155910054072441,0.5234017903206829,0.0055321055292285,0.0327752473133584,6.390225511058083e-05,0.0,86
33,0.0961538461538461,0.1864244741873805,0.0,0.0650787452817909,0.6,1.0,0.5,0.5825242718446602,0.1666666666666666,1.0,0.4558823529411764,0.2786069651741293,0.25,0.0952380952380952,0.7777777777777778,0.6,0.4444444444444444,0.4444444444444444,0.105403700737738,0.5427803372464542,0.0,0.0030780727350366,1.4910526192469228e-05,0.0,150
34,0.6730769230769231,0.760038240917782,0.7014925373134329,0.7802941559286738,0.7,0.2099999999999999,0.7200000000000001,0.7135922330097088,0.7916666666666666,0.2101208050533447,0.6686274509803922,0.7711442786069652,0.375,0.0,0.4444444444444444,0.4,0.6666666666666666,0.5555555555555556,0.0755107825976032,0.0693379675304496,0.107110221517123,0.024439541669632,4.1891478350270814e-05,0.0366294072206923,79
35,0.6153846153846154,0.6682600382409177,0.5970149253731343,0.6540413900819992,0.6,0.32,0.6799999999999999,0.6699029126213593,0.5833333333333334,0.318515991671862,0.6156862745098038,0.560530679933665,0.625,0.5714285714285714,0.2222222222222222,0.8,0.4444444444444444,0.2222222222222222,0.1386061641165924,0.0246885644548633,0.2816852782698402,0.025402106611629,0.0003109909748715,0.0,104
36,0.5769230769230769,0.6596558317399618,0.5970149253731343,0.6229337498373032,0.64,0.3,0.8,0.6834951456310681,0.7916666666666666,0.3006363732605602,0.7450980392156863,0.7711442786069652,0.75,0.0952380952380952,0.5555555555555556,0.8,0.5555555555555556,0.3333333333333333,0.1898141126946218,0.0127168885710923,0.4062617735343961,1.779232794818433e-05,0.0,0.0,120
37,0.5192307692307693,0.5229445506692161,0.2985074626865671,0.4718209032929845,0.54,0.072,0.6,0.4993786407766991,0.1666666666666666,0.0721419077082328,0.4121568627450979,0.2786069651741293,0.625,0.8095238095238095,0.7777777777777778,0.2,0.5555555555555556,0.7777777777777778,0.0244757524431814,0.0827155912372642,0.0,0.0417069959433492,0.0075653169800362,0.0088872818335173,74
38,0.6730769230769231,0.7462715105162523,0.5970149253731343,0.6377717037615516,1.0,0.3,0.7599999999999999,1.0,0.7916666666666666,0.2994718454824556,0.7019607843137254,0.7711442786069652,0.625,0.0,0.3333333333333333,0.8,0.5555555555555556,0.2222222222222222,0.0252517593032237,0.2053890643809454,0.0,0.0008522525087182,0.0,0.0,420
39,0.6730769230769231,0.7409177820267686,0.4477611940298507,0.5596772094234024,0.8,0.3,0.6,0.7864077669902912,0.7916666666666666,0.3004716925646665,0.5784313725490197,0.7678275290215588,0.5,0.1428571428571428,0.4444444444444444,0.7,0.3333333333333333,0.4444444444444444,0.1955133338530335,0.5678309483510283,0.0,0.2135470784997509,0.0004096844577645,0.0,39
40,0.6730769230769231,0.745697896749522,0.8955223880597015,0.9566575556423272,0.6,0.48,0.7,0.4951456310679611,0.7916666666666666,0.4803030124804442,0.5735294117647058,0.7711442786069652,0.375,0.6666666666666666,0.6666666666666666,0.3,0.4444444444444444,0.6666666666666666,0.0184151034321472,0.0005189335312521,0.0786838575681477,0.0005337698384456,8.520300681410593e-06,0.0014807155845688,427
41,0.1923076923076923,0.2581261950286806,0.9552238805970148,0.9358323571521542,0.3,0.39,0.7599999999999999,0.2087378640776699,0.1666666666666666,0.390093279851317,0.6333333333333333,0.2786069651741293,0.0,0.8095238095238095,0.6666666666666666,0.3,0.4444444444444444,0.6666666666666666,0.1217260660349947,0.000117665161156,0.0,2.668849192227996e-05,0.0,0.3057550678275317,40
42,0.5769230769230769,0.6500956022944551,0.5970149253731343,0.6377717037615516,0.6799999999999999,0.3,0.7200000000000001,0.6970873786407766,0.7916666666666666,0.3004952183783657,0.6588235294117647,0.7711442786069652,0.625,0.0952380952380952,0.4444444444444444,0.6,0.7777777777777778,0.2222222222222222,0.0574833282544451,0.0046553165041982,0.1479502576306202,0.0001708063483026,0.0,0.0065817882442239,59
43,0.4807692307692308,0.5906309751434033,0.4776119402985074,0.5745151633476506,0.675,0.48,0.6,0.7317961165048543,0.7916666666666666,0.480232435039347,0.5784313725490197,0.7711442786069652,0.875,0.0,0.4444444444444444,0.7,0.4444444444444444,0.6666666666666666,0.1526550773526473,0.6564207464798507,0.035431231599036,0.0087146822290228,0.0,0.0,24
44,0.5769230769230769,0.6405353728489483,0.5522388059701493,0.6418065859690226,0.85,0.4,0.7,0.7402912621359223,0.1666666666666666,0.4004799265994613,0.5735294117647058,0.2786069651741293,0.5,0.0,0.6666666666666666,0.8,0.3333333333333333,0.2222222222222222,0.1115437221399363,0.4409607511261159,0.0,0.0785566863568429,7.810275624625687e-06,0.0,126
45,0.5961538461538461,0.652963671128107,0.746268656716418,0.7484055707405962,0.94,0.4,0.7,0.8631067961165049,0.1666666666666666,0.4000917506734264,0.5441176470588235,0.2786069651741293,0.375,0.8095238095238095,0.5555555555555556,1.0,0.1111111111111111,0.5555555555555556,0.3878255508231341,0.0,0.0,0.0018539605722012,0.411196811135465,0.0,202
46,0.4615384615384615,0.5630975143403442,0.6716417910447762,0.6572953273460888,0.6799999999999999,0.0,0.7,0.629126213592233,0.1666666666666666,0.000152917789044,0.5833333333333334,0.2786069651741293,0.25,0.7619047619047619,0.5555555555555556,0.9,0.1111111111111111,0.3333333333333333,0.3454718759522914,3.922172038532744e-05,0.0,2.668849192227996e-05,0.3694828390493901,0.0,222
47,0.5,0.5860420650095602,0.5671641791044776,0.6448522712482103,0.3399999999999999,0.16,0.6,0.3679611650485437,0.1666666666666666,0.1603519461729382,0.5,0.2786069651741293,0.5,0.7619047619047619,0.5555555555555556,0.8,0.4444444444444444,0.2222222222222222,0.6295428292005357,0.0,0.0,0.0007010177211586,0.6538230234144965,1.9424119676478423e-05,145
48,0.5576923076923077,0.5994263862332696,0.6716417910447762,0.6605492646101784,0.8,0.6,0.7,0.8446601941747572,0.1666666666666666,0.6008728076882359,0.5343137254901961,0.2786069651741293,0.25,0.7619047619047619,0.6666666666666666,0.8,0.1111111111111111,0.3333333333333333,0.0388619983416839,0.0144305760463902,0.0,0.0020923777667069,0.0580807596700087,0.0,429
49,0.6730769230769231,0.6969407265774379,0.746268656716418,0.7965638422491215,0.66,0.26,0.7599999999999999,0.5790679611650486,0.1666666666666666,0.2601131591638926,0.6137254901960784,0.2786069651741293,0.5,0.7619047619047619,0.4444444444444444,0.1,0.6666666666666666,0.7777777777777778,0.3678272516600877,0.0802747934071305,0.0,0.0528983702227599,0.0038760267849852,0.7323729849343539,43
50,0.5192307692307693,0.5611854684512428,0.4552238805970149,0.64135103475205,0.65,0.2219999999999999,0.7,0.4942718446601941,0.1666666666666666,0.2221189700398762,0.5135294117647058,0.2786069651741293,0.5,0.6190476190476191,0.6666666666666666,0.2,0.1111111111111111,1.0,0.0570170154563558,0.002362354389363,0.1261410481408261,0.0177371717315493,0.0069454651054635,0.0011519997131206,30
51,0.5769230769230769,0.655831739961759,1.0,1.0,0.7799999999999999,0.54,0.56,0.7296310679611651,0.1666666666666666,0.5402467857857035,0.3784313725490195,0.2786069651741293,0.625,0.0476190476190476,0.7777777777777778,0.3,0.4444444444444444,0.7777777777777778,0.1091179034349819,0.0181506053721688,0.0,0.3218276279268379,0.0,0.0,38
52,0.6538461538461539,0.745697896749522,0.0,0.0,0.64,0.3480000000000001,0.7,0.6058252427184466,0.7916666666666666,0.3484878783244916,0.582156862745098,0.7711442786069652,0.625,0.0,0.7777777777777778,0.4,0.2222222222222222,0.8888888888888888,0.2639146179849334,0.0318570881191374,0.0,0.7000427015870756,0.0009329729246145,0.0,55
53,0.4807692307692308,0.5975143403441683,0.746268656716418,0.7679291943251334,0.5,0.1,0.6,0.4126213592233009,0.1666666666666666,0.1006316680978203,0.4803921568627451,0.4112769485903814,0.5,0.0952380952380952,0.6666666666666666,0.6,0.5555555555555556,0.6666666666666666,0.1096394934340606,0.4124616456830463,0.0,0.08978364529215,1.0650375851762553e-05,0.0006649025581565,10
54,0.4807692307692308,0.5831739961759083,0.746268656716418,0.8199921905505663,0.66,0.3400000000000001,0.66,0.7194174757281553,0.7916666666666666,0.3406184936421488,0.6480392156862744,0.7711442786069652,0.625,0.0952380952380952,0.7777777777777778,1.0,0.5555555555555556,0.0,0.2685167993083262,0.0140956828954077,0.5571465953164793,0.0008433563447441,0.0,0.0,141
55,0.4615384615384615,0.5248565965583174,0.0,0.1301574905635819,0.75,0.48,0.75,0.5995145631067961,0.1666666666666666,0.4800795172503029,0.6348039215686274,0.2786069651741293,0.5,0.8095238095238095,0.3333333333333333,0.6,0.3333333333333333,0.6666666666666666,0.029496056184314,0.1813189962860047,0.0,0.0246548288378051,0.0,0.0008800620376499,85
56,0.4807692307692308,0.57151051625239,0.5970149253731343,0.6554731224781987,0.62,0.3400000000000001,0.6,0.6378640776699029,0.7916666666666666,0.3406067307352993,0.5784313725490197,0.7711442786069652,0.875,0.0,0.5555555555555556,0.9,0.3333333333333333,0.2222222222222222,0.2451416301104835,0.0005672064178802,0.5184684369952364,0.0003665219557326,0.0,0.0,121
57,0.4807692307692308,0.5401529636711281,0.5223880597014925,0.5824547702720292,0.452,0.5,0.7,0.5186407766990292,0.1666666666666666,0.500076458894522,0.5931372549019608,0.2786069651741293,0.25,0.7142857142857143,0.3333333333333333,0.8,0.1111111111111111,0.1111111111111111,0.146369067445272,0.0002413644331405,0.315623197578916,0.0069728133228951,0.0036076373135207,0.0,203
58,0.0,0.0,0.0,0.0650787452817909,0.7,0.5,0.8,0.7233009708737864,0.7916666666666666,0.500076458894522,0.7352941176470589,0.7711442786069652,0.75,0.0,0.6666666666666666,0.8,0.1111111111111111,0.1111111111111111,0.0552261758807146,0.2944706425422916,7.535062013560366e-05,0.023348871966408,2.5560902044231776e-05,5.2295706821298336e-05,240
59,0.5384615384615384,0.5831739961759083,0.5970149253731343,0.6540413900819992,0.622,0.3299999999999999,0.7,0.6200970873786408,0.1666666666666666,0.3305729711926412,0.5441176470588235,0.2786069651741293,0.375,0.7142857142857143,0.5555555555555556,0.8,0.1111111111111111,0.4444444444444444,0.1558512334611323,4.525583121384656e-05,0.0,0.0120685360472564,0.1746725541944375,4.930738071722696e-05,96
60,0.6153846153846154,0.6424474187380497,0.746268656716418,0.7705323441364051,0.7,0.08,0.7,0.6250485436893204,0.1666666666666666,0.0801406843659205,0.5233333333333333,0.2786069651741293,0.625,0.7619047619047619,0.8888888888888888,0.1,0.3333333333333333,1.0,0.1278122276003316,0.0007784002968782,0.0,0.3678723934239555,0.0,0.0093504723796489,7
61,0.4807692307692308,0.5736137667304015,0.0,0.1301574905635819,0.64,0.4,0.7400000000000001,0.7223300970873787,0.7916666666666666,0.4003975862515144,0.665686274509804,0.7711442786069652,0.75,0.0,0.5555555555555556,0.8,0.4444444444444444,0.2222222222222222,0.6529463456809372,0.4948031220489427,1.0,0.1000160130951533,0.0001746661639689,0.0058182709246329,64
62,0.5192307692307693,0.6072275334608029,0.5970149253731343,0.639203436157751,0.6,0.3799999999999999,0.7200000000000001,0.5926213592233011,0.7916666666666666,0.3800948090292073,0.7862745098039216,0.7711442786069652,0.5,0.0,0.3333333333333333,0.4,0.7777777777777778,0.2222222222222222,0.285746986329523,0.0002866202643543,0.0,0.0,0.0,0.6515103747211519,89
63,0.5769230769230769,0.6309751434034416,0.4477611940298507,0.6410256410256411,0.54,0.072,0.7400000000000001,0.4747572815533981,0.1666666666666666,0.0721419077082328,0.557843137254902,0.2786069651741293,0.25,0.8095238095238095,0.5555555555555556,0.2,0.4444444444444444,0.7777777777777778,0.0315065871997845,0.0147021110336733,0.0,0.1282595544801081,0.0,0.0006290426449076,127
64,0.5,0.5860420650095602,0.5671641791044776,0.6474554210594821,0.55,0.46,0.6,0.5898058252427184,0.1666666666666666,0.4602354933951276,0.5,0.2786069651741293,0.5,0.7142857142857143,0.5555555555555556,0.8,0.4444444444444444,0.2222222222222222,0.2699022727433791,0.1055607348340167,0.0,0.3066045121343677,0.1465931932737906,0.0,236
65,0.2692307692307692,0.3470363288718929,0.8208955223880597,0.8362618768710139,0.52,0.25,0.7400000000000001,0.3938640776699029,0.1666666666666666,0.250114688341783,0.6188235294117648,0.2786069651741293,0.375,0.8095238095238095,0.4444444444444444,0.4,0.4444444444444444,0.6666666666666666,0.4699894406372468,0.042109042416782,0.0003452428413485,0.0224485801722297,9.940350794977643e-06,1.0,117
66,0.4807692307692308,0.4923518164435946,0.3507462686567164,0.5723675647533516,0.66,0.0,0.8,0.5790291262135923,0.1666666666666666,0.000152917789044,0.5756862745098039,0.2786069651741293,0.375,0.8095238095238095,0.4444444444444444,0.2,0.3333333333333333,0.8888888888888888,0.2366090980603371,7.240932994215918e-05,5.891048483328569e-05,0.255560102483809,0.0040329423225345,0.3248504716325674,99
67,0.5769230769230769,0.6541108986615677,0.5970149253731343,0.6261876871013927,0.8,0.48,0.75,0.7764077669902912,0.7916666666666666,0.480232435039347,0.7132352941176471,0.7711442786069652,0.5,0.0,0.1111111111111111,0.5,0.8888888888888888,0.6666666666666666,0.1551999546443478,0.5839178878198455,0.0064678232301851,0.0686926197423671,0.0,0.0224916364223162,54
68,0.5192307692307693,0.5697896749521989,0.4104477611940298,0.5482884289990889,0.6,0.1,0.7,0.5436893203883495,0.1666666666666666,0.1001376260101396,0.4852941176470588,0.2786069651741293,0.5,0.7142857142857143,0.5555555555555556,0.2,0.1111111111111111,0.8888888888888888,0.0779606964927324,0.0222568177909723,0.0,0.2389064835243043,0.0008122686649611,0.000201712012025,90
69,0.6730769230769231,0.7265774378585086,0.6417910447761194,0.721254718209033,0.66,0.225,0.8,0.6761165048543689,0.7916666666666666,0.2259419147659769,0.7745098039215687,0.7711442786069652,0.5,0.0,0.2222222222222222,0.3,0.7777777777777778,0.5555555555555556,0.0751217161444861,0.0820759754894418,0.0006808956037708,0.0010461888833534,0.002836550101853,0.1593390420323008,57
70,0.6153846153846154,0.7099043977055449,0.6268656716417911,0.627723545490043,0.6,0.2,0.6,0.6504854368932039,0.7916666666666666,0.2007575312011104,0.5490196078431373,0.7711442786069652,1.0,0.0,0.3333333333333333,1.0,0.3333333333333333,0.1111111111111111,0.1503844600197013,0.0143672178826908,0.3205059177637031,0.0113781937228666,1.7750626419606092e-05,0.0,11
71,0.5961538461538461,0.638623326959847,0.5223880597014925,0.5992711180528439,0.54,0.4,0.6,0.4456310679611651,0.1666666666666666,0.4004564007857621,0.5,0.2786069651741293,0.25,0.8095238095238095,0.0,0.8,0.1111111111111111,0.4444444444444444,0.1133161359819144,0.0,0.0,0.0001209878300476,0.1306751415257444,0.0130126660201921,21
72,0.5769230769230769,0.6548757170172084,0.0,0.0,0.8,0.0,0.6,0.7669902912621359,0.7916666666666666,0.000152917789044,0.5882352941176471,0.7678275290215588,0.5,0.0952380952380952,0.3333333333333333,0.4,0.5555555555555556,0.6666666666666666,0.1791307305803397,0.7486823010478235,0.0290730092708662,0.0288911821222688,3.834135306634904e-05,3.884823935296265e-05,82
73,0.5769230769230769,0.6405353728489483,0.8955223880597015,0.8850709358323572,0.7,0.106,0.7599999999999999,0.6359223300970874,0.1666666666666666,0.1061367085034054,0.6039215686274509,0.2786069651741293,0.375,0.6190476190476191,0.0,0.1,0.5555555555555556,0.7777777777777778,0.2261609983912917,0.0021421093441223,0.0770494341168427,0.0309284036723364,0.0004487358358876,0.4140131575998362,25
74,0.2692307692307692,0.312925430210325,0.6417910447761194,0.7212286867109202,0.62,0.3219999999999999,0.8,0.523378640776699,0.1666666666666666,0.3223271734911132,0.6764705882352942,0.2786069651741293,0.5,0.8095238095238095,0.4444444444444444,0.4,0.2222222222222222,0.6666666666666666,0.1174272006349791,0.0,0.0,0.0,0.0,0.296772159558684,267
75,0.5769230769230769,0.641682600382409,0.6268656716417911,0.6765586359494988,0.7,0.4959999999999999,0.7,0.7427184466019418,0.7916666666666666,0.4962299883547222,0.6421568627450981,0.7711442786069652,0.875,0.0,0.5555555555555556,0.7,0.4444444444444444,0.5555555555555556,0.1136598467829377,0.5353885514815252,0.0088954832098268,0.0151537257134723,0.0,0.0012565911267632,75
76,0.5,0.5912810707456979,0.7014925373134329,0.7802941559286738,0.66,0.0,0.75,0.6514563106796116,0.7916666666666666,0.0,0.7328431372549019,0.7711442786069652,0.25,0.0952380952380952,0.5555555555555556,0.4,0.5555555555555556,0.5555555555555556,0.2699327460721297,0.0099472317008046,0.013900134398106,0.0,0.0004430556354333,0.5972916800518774,111
77,0.5769230769230769,0.621414913957935,0.4477611940298507,0.6247559547051933,0.5,0.4,0.8,0.3932038834951456,0.1666666666666666,0.4000917506734264,0.5980392156862745,0.2786069651741293,0.625,0.8095238095238095,0.4444444444444444,0.1,0.0,0.8888888888888888,0.0300417413735675,0.0208991428545568,0.0,0.0849975090740872,0.0009493035009205,0.0288044753171734,518
78,0.4807692307692308,0.5449330783938815,0.6716417910447762,0.690225172458675,0.7,0.444,0.7,0.6844660194174758,0.1666666666666666,0.4442379400797525,0.5833333333333334,0.2786069651741293,0.5,0.7619047619047619,0.7777777777777778,0.5,0.3333333333333333,0.6666666666666666,0.1140978122984685,0.0055121602418471,0.2618214847908198,0.0003380542310155,0.0,0.0011908479524736,76
79,0.4807692307692308,0.5831739961759083,0.5223880597014925,0.5661850839515814,0.62,0.3400000000000001,0.7,0.6281553398058253,0.7916666666666666,0.3406067307352993,0.6813725490196079,0.7711442786069652,0.75,0.0,0.3333333333333333,0.9,0.4444444444444444,0.1111111111111111,0.1869453676996888,0.1627671225437397,0.2862624859402592,0.0601700946551846,0.0,0.0,56
80,0.4230769230769231,0.5200764818355641,0.6268656716417911,0.6468827281010022,0.6,0.25,0.6,0.6019417475728155,0.7916666666666666,0.250114688341783,0.5392156862745098,0.7711442786069652,0.75,0.0,0.3333333333333333,0.4,0.5555555555555556,0.6666666666666666,0.0938663567363773,4.2238775799587e-05,0.1966842987117784,0.0336274998220767,0.0,0.0043285903617518,20
81,0.6346153846153846,0.7248948374760992,0.6268656716417911,0.6700507614213198,0.7,0.3400000000000001,0.6,0.7524271844660194,0.7916666666666666,0.3409125663133874,0.5686274509803921,0.7711442786069652,0.875,0.0,0.2222222222222222,0.9,0.4444444444444444,0.2222222222222222,0.0251716782299956,0.0317846787891953,0.0793195427998372,1.779232794818433e-05,0.0,0.0,2
82,0.5961538461538461,0.6281070745697896,0.373134328358209,0.5486138227254979,0.52,0.5,0.6,0.335611650485437,0.1666666666666666,0.5004646348205569,0.392549019607843,0.1459369817578772,0.25,0.7619047619047619,0.6666666666666666,0.4,0.2222222222222222,0.8888888888888888,0.064582905171253,0.0004193707025816,0.0,0.2136591701658245,9.23032573819274e-06,0.005703220369626,61
83,0.6730769230769231,0.7504780114722753,0.6716417910447762,0.7195106078354809,0.7,0.2,0.8,0.7621359223300971,0.7916666666666666,0.2001223342312352,0.7450980392156863,0.7711442786069652,0.5,0.0952380952380952,0.4444444444444444,0.5,0.8888888888888888,0.2222222222222222,0.0765341194979696,0.410014813742084,2.6030214228660375e-05,0.0072272436125542,0.0,0.0014015249428109,516
84,0.6730769230769231,0.7409177820267686,0.4626865671641791,0.5493427046726539,0.66,0.39,0.75,0.6805825242718446,0.7916666666666666,0.3903167750814581,0.7426470588235294,0.6351575456053068,1.0,0.0952380952380952,0.3333333333333333,0.9,0.3333333333333333,0.2222222222222222,0.1170282126329664,0.0948049322821912,0.0130740175991648,0.1534303608284107,0.0004714566377047,0.1048812812747003,80
85,0.5769230769230769,0.621414913957935,0.5970149253731343,0.6247559547051933,0.8,0.3,0.7,0.7961165048543689,0.7916666666666666,0.3001070424523308,0.6813725490196079,0.7678275290215588,0.75,0.0,0.5555555555555556,0.6,0.6666666666666666,0.1111111111111111,0.090016795764916,0.2061463452899239,0.10684032929591,0.0014803216852893,0.0,0.0191237929030243,78
86,0.5769230769230769,0.6787762906309751,0.746268656716418,0.8232461278146558,0.4,0.3,1.0,0.4466019417475728,1.0,0.3006010845400115,1.0,0.9087893864013268,0.375,0.0476190476190476,0.6666666666666666,0.9,0.2222222222222222,0.0,0.1738538839320515,0.0004042854255104,3.973032698059025e-05,0.0283289445591061,0.0007015047561028,0.3902305643005598,555
87,0.5769230769230769,0.6692160611854685,0.746268656716418,0.7614213197969544,0.62,0.22,0.7,0.6475728155339806,0.7916666666666666,0.2201192758754543,0.5833333333333334,0.7711442786069652,0.5,0.0476190476190476,0.7777777777777778,0.0,0.1111111111111111,0.3333333333333333,0.1150439028538626,0.0171670453071211,0.0058074777955422,0.3296028752401964,7.810275624625687e-06,0.0001016030875385,246
88,0.4807692307692308,0.5332695984703633,0.5223880597014925,0.5621502017441103,0.48,0.42,0.7,0.4834951456310679,0.1666666666666666,0.4205944973121757,0.5833333333333334,0.2786069651741293,0.5,0.7619047619047619,0.4444444444444444,0.9,0.3333333333333333,0.1111111111111111,0.0196708880494943,0.1620852680201177,3.83603157053962e-05,0.0101647569568002,0.0008633904690496,0.0,133
89,0.4807692307692308,0.5401529636711281,0.746268656716418,0.7581673825328649,0.7,0.4,0.7799999999999999,0.6941747572815534,0.7916666666666666,0.4002093797419218,0.6892156862745098,0.7711442786069652,0.5,0.3333333333333333,0.4444444444444444,0.2,0.3333333333333333,0.7777777777777778,0.0737766375870793,0.0,0.0,0.0002170664009679,0.0,0.2045583926391551,497
90,0.5,0.5798087954110899,0.4925373134328358,0.5671222178836393,0.7,0.243,0.86,0.6347572815533981,0.7916666666666666,0.2431157587663063,0.7950980392156862,0.7711442786069652,0.5,0.0,0.4444444444444444,0.4,1.0,0.4444444444444444,0.0509932179126478,0.0099261123129048,0.1349296704711879,1.779232794818433e-05,0.0,0.004616963830795,33
91,0.4807692307692308,0.5688336520076482,0.0,0.0650787452817909,0.6,0.2,0.75,0.6310679611650486,0.7916666666666666,0.2006163763189159,0.7034313725490197,0.7711442786069652,0.5,0.0952380952380952,0.2222222222222222,0.8,0.4444444444444444,0.1111111111111111,0.0581629543537882,0.0133866748730573,0.1511190937101412,0.0004287951035513,0.0,1.792995662444564e-05,421
92,0.5192307692307693,0.6061185468451242,0.0,0.0650787452817909,0.75,0.35,0.8,0.8033980582524272,0.7916666666666666,0.3505699128368602,0.7352941176470589,0.7711442786069652,0.75,0.0,0.2222222222222222,0.8,0.4444444444444444,0.1111111111111111,0.1385962425676968,0.5830157882509829,0.0,0.0627215144829549,0.0,0.0,58
93,0.5769230769230769,0.6644359464627151,0.0,0.0026031498112716,0.6,0.4,0.6,0.6699029126213593,0.7916666666666666,0.4005857927611072,0.5588235294117647,0.7711442786069652,0.75,0.0,0.7777777777777778,0.7,0.3333333333333333,0.1111111111111111,0.0796161777941562,0.1590320079408898,0.1257574449837722,0.0,0.0005303887174178,2.3906608832594187e-05,107
94,0.5,0.5740726577437859,0.0,0.0,0.6,0.5,0.64,0.6310679611650486,0.7916666666666666,0.500076458894522,0.5823529411764706,0.7711442786069652,0.625,0.0,0.7777777777777778,0.8,0.4444444444444444,0.0,0.1796126343838363,0.7977215197511532,0.0049799909853258,0.0325955448010817,7.1002505678407805e-06,0.0,92
95,0.4807692307692308,0.5869980879541109,0.0,0.0650787452817909,0.64,0.17,0.7,0.6353009708737865,0.7916666666666666,0.1703504169950478,0.6115686274509804,0.7711442786069652,0.75,0.0,1.0,0.3,0.5555555555555556,0.7777777777777778,0.2239895965473009,0.1294105578837166,0.3377858699777099,0.0983826773895096,3.6211277895994325e-05,0.00626353151414,68
96,0.7307692307692307,0.7805736137667304,0.746268656716418,0.7484055707405962,0.6,0.2224,0.6,0.5440776699029127,0.1666666666666666,0.2225189088727606,0.4367843137254901,0.4112769485903814,0.625,0.8095238095238095,0.6666666666666666,0.2,0.1111111111111111,1.0,0.0650662263388775,0.0920624289106318,1.3700112751924551e-05,0.1675823784784001,1.7040601362821186e-05,0.0,13
97,0.6730769230769231,0.7217973231357553,0.5970149253731343,0.7028504490433425,0.8,0.5,0.85,0.8155339805825242,0.7916666666666666,0.500076458894522,0.7671568627450981,0.7711442786069652,0.625,0.0476190476190476,0.3333333333333333,0.5,0.6666666666666666,0.5555555555555556,0.0420425634447617,0.0208388017462716,0.1165523392257517,0.0004252366379617,0.0,4.183656545703983e-05,113
98,0.4807692307692308,0.5210325047801148,0.6716417910447762,0.7256280098919693,0.0,0.6,0.7,0.0,0.1666666666666666,0.5950619317045629,0.5833333333333334,0.2786069651741293,0.375,0.9047619047619048,0.6666666666666666,0.7,0.1111111111111111,0.5555555555555556,0.3631641236791938,0.003231266348669,0.0,0.0001067539676891,0.0435444166824647,0.7215522561115005,235
99,0.5576923076923077,0.6500956022944551,0.5970149253731343,0.6359494988936614,0.6,0.4,0.7,0.6213592233009708,0.7916666666666666,0.4009033912460448,0.6029411764705882,0.7711442786069652,0.875,0.0,0.8888888888888888,0.8,0.3333333333333333,0.5555555555555556,0.2500315363518465,0.0153749143910526,0.4387611810045195,0.0005996014518539,9.940350794977643e-06,0.089690125524638,35
100,0.4807692307692308,0.5401529636711281,0.0,0.2603149811271639,0.6,0.4,0.6,0.5922330097087378,0.7916666666666666,0.4003975862515144,0.5588235294117647,0.7711442786069652,0.625,0.0,0.3333333333333333,0.3,0.8888888888888888,0.2222222222222222,0.1529470543630011,0.6757932592947935,0.0048361398014305,0.0062735748345313,8.520300681410593e-06,0.0264212852491741,98
101,0.6730769230769231,0.7552581261950286,0.0,0.0650787452817909,0.6799999999999999,0.3,0.67,0.716504854368932,0.7916666666666666,0.3004952183783657,0.6563725490196078,0.7711442786069652,0.875,0.0,0.3333333333333333,0.8,0.5555555555555556,0.2222222222222222,0.0154450169020672,0.024673479177792,0.0633219211394109,0.0005675752615472,0.0,0.0,102
102,0.4807692307692308,0.607074569789675,0.6716417910447762,0.7126122608356111,0.675,0.1799999999999999,0.7,0.683252427184466,0.7916666666666666,0.1799842377048215,0.6715686274509803,0.7711442786069652,0.75,0.0,0.4444444444444444,0.4,0.7777777777777778,0.6666666666666666,0.0297270865371668,0.2141415421377044,0.0005726647130305,0.0051348658458472,0.0002690994965212,0.0003137742409278,27
103,0.25,0.3499043977055449,0.6268656716417911,0.6794221007418977,0.8,0.06,0.6,0.8349514563106796,0.7916666666666666,0.0607789396915766,0.5392156862745098,0.7711442786069652,0.75,0.0952380952380952,0.4444444444444444,0.5,0.8888888888888888,0.2222222222222222,0.0632987732713472,0.305120848154618,0.0106299174842208,0.0098178065618105,0.0030545277942858,0.0052758897367434,14
104,0.5384615384615384,0.5812619502868069,0.746268656716418,0.7379929714955096,0.6,0.12,0.65,0.6019417475728155,0.1666666666666666,0.1201345676543587,0.5220588235294118,0.2786069651741293,0.5,0.7142857142857143,0.3333333333333333,0.9,0.2222222222222222,0.0,0.0809704692183945,0.0,0.0,0.0014305031670343,0.1039292076617384,0.0,15
105,0.5769230769230769,0.6800000000000002,0.5970149253731343,0.6507874528179097,0.9,0.22,0.7599999999999999,0.8883495145631068,0.7916666666666666,0.2201192758754543,0.7313725490196078,0.7711442786069652,0.5,0.0,0.4444444444444444,0.7,0.5555555555555556,0.4444444444444444,0.0008922307185327,0.0131603957169881,0.0408537362262491,0.0,0.0,0.0,72
106,0.3269230769230769,0.3550286806883364,0.6716417910447762,0.7195106078354809,0.6,0.26,0.66,0.4854368932038835,0.1666666666666666,0.2603366543940337,0.5499999999999999,0.2786069651741293,0.25,0.8095238095238095,0.3333333333333333,0.5,0.1111111111111111,0.7777777777777778,0.0367033527748446,0.0,0.0,7.116931179275116e-05,4.544160363418983e-05,0.1264211358328689,37
107,0.3461538461538461,0.4159082217973231,0.8955223880597015,0.8920994403227906,0.6,0.228,0.7599999999999999,0.4955339805825243,0.1666666666666666,0.228118052533142,0.6725490196078431,0.2786069651741293,0.25,0.8095238095238095,0.2222222222222222,0.2,0.4444444444444444,0.6666666666666666,0.1132176291750231,0.0065258908610374,0.0,0.0009074087253576,0.0006297922253676,0.2825776105643304,16
108,0.4807692307692308,0.5258126195028681,0.4253731343283582,0.619875048809059,0.54,0.2219999999999999,0.8,0.5233009708737865,0.1666666666666666,0.2221189700398762,0.6149019607843137,0.2786069651741293,0.5,0.7619047619047619,0.7777777777777778,0.2,0.5555555555555556,0.8888888888888888,0.09046964360379,0.0176678765058877,0.0,0.0296864991815529,0.0233292932907602,0.1571620464654826,50
109,0.6730769230769231,0.745697896749522,0.746268656716418,0.7353898216842379,0.6,0.5,0.6,0.6019417475728155,0.7916666666666666,0.5003117170315128,0.5392156862745098,1.0,0.625,0.0952380952380952,0.4444444444444444,0.3,0.3333333333333333,0.7777777777777778,0.5166171770358664,0.5593801761356951,0.0144919792689893,1.0,2.2720801817094917e-05,0.0057525277503432,517
110,0.5769230769230769,0.6051625239005736,0.5970149253731343,0.7549134452687752,0.58,0.2,0.6799999999999999,0.5162330097087379,0.1666666666666666,0.2001223342312352,0.5344313725490196,0.2786069651741293,0.375,0.8095238095238095,0.7777777777777778,0.2,0.2222222222222222,0.8888888888888888,0.0301593825961858,8.146049618492615e-05,0.0,0.1221354352003415,0.0027754879469696,0.0043315786878558,134
111,0.7692307692307693,0.8413001912045889,0.5970149253731343,0.6540413900819992,0.64,0.3,0.7,0.5864077669902913,0.7916666666666666,0.3004952183783657,0.7696078431372549,0.7711442786069652,0.5,0.0952380952380952,0.4444444444444444,0.3,0.8888888888888888,0.5555555555555556,0.0140758431544855,0.0652860621091027,4.932040590693797e-05,0.0,0.0125283921269581,0.0201189054956811,223
112,0.5769230769230769,0.6137667304015296,0.4477611940298507,0.6084862683847456,0.66,0.072,0.7,0.6223300970873786,0.1666666666666666,0.0721419077082328,0.5049019607843137,0.2786069651741293,0.5,0.7619047619047619,0.4444444444444444,0.1,0.6666666666666666,0.7777777777777778,0.0121461018943071,0.0,0.0522933303741089,0.0099779375133442,0.0002087473666945,0.0089500366817029,163
113,0.6730769230769231,0.748565965583174,0.5522388059701493,0.6548223350253808,0.62,0.3799999999999999,0.7,0.6864077669902913,0.7916666666666666,0.3800948090292073,0.6029411764705882,1.0,0.5,0.0,0.6666666666666666,0.9,0.2222222222222222,0.0,0.1039849192456788,0.0142314503890492,0.0050361614476087,0.3047114084406803,0.0,0.0,91
114,0.5769230769230769,0.6548757170172084,0.8955223880597015,0.8590394377196409,0.7,0.2,0.6799999999999999,0.6262135922330098,0.7916666666666666,0.2001223342312352,0.6843137254901961,0.7711442786069652,0.625,0.0476190476190476,0.2222222222222222,0.4,0.7777777777777778,0.4444444444444444,0.0113360782951944,0.0085473179885894,0.0011151891780069,0.0023414703579816,0.0,0.0656774311153478,44
115,0.5769230769230769,0.609942638623327,0.2985074626865671,0.4386307431992711,0.6,0.476,0.75,0.5339805825242718,0.1666666666666666,0.4768447178666791,0.5887254901960784,0.2786069651741293,0.375,0.7142857142857143,0.5555555555555556,0.5,0.2222222222222222,0.6666666666666666,0.0529498890912569,0.2848673551587122,0.0016673037219096,0.0107180983559888,0.0001121839589719,0.0086975231259086,17
116,0.6346153846153846,0.6897896749521988,0.6567164179104478,0.6650527137836783,0.44,0.5,0.0,0.4213592233009709,0.1666666666666666,0.500076458894522,0.0,0.2786069651741293,0.5,0.6190476190476191,0.6666666666666666,0.5,0.5555555555555556,0.5555555555555556,0.4445023988887864,7.240932994215918e-05,0.0,0.0,1.0650375851762553e-05,0.9863089839541828,412
117,0.5384615384615384,0.607074569789675,0.4776119402985074,0.5167252375374203,0.66,0.1,0.6,0.6514563106796116,0.1666666666666666,0.1005022761224753,0.4803921568627451,0.2786069651741293,0.25,0.7619047619047619,0.3333333333333333,0.9,0.2222222222222222,0.4444444444444444,0.3355574138774121,0.013217719769859,2.4660202953466324e-05,0.0571863212582734,0.3336251536316716,0.0,18
118,0.6923076923076923,0.7918546845124285,0.6716417910447762,0.6811141481192242,0.6,0.3799999999999999,0.54,0.6699029126213593,0.7916666666666666,0.3806241398374366,0.5382352941176471,0.7711442786069652,0.875,0.0952380952380952,0.4444444444444444,0.7,0.5555555555555556,0.1111111111111111,0.0531291856534403,0.1277391091842183,0.0817376127005525,7.650701017720578e-05,9.940350794977643e-06,0.0087169472455851,48
119,0.7307692307692307,0.8333078393881452,0.0,0.0650787452817909,0.7400000000000001,0.3799999999999999,0.62,0.7951456310679612,0.7916666666666666,0.3806241398374366,0.5656862745098039,0.7711442786069652,0.75,0.0,0.4444444444444444,1.0,0.4444444444444444,0.1111111111111111,0.0866640209202945,0.3793917012873776,0.0053348239056007,0.0453935662942139,3.9761403179916097e-05,0.0,23
120,0.6538461538461539,0.6806883365200764,0.2835820895522388,0.4269165690485487,0.66,0.444,0.63,0.5442135922330097,0.1666666666666666,0.4443908578687966,0.4518823529411764,0.2786069651741293,0.5,0.7619047619047619,0.8888888888888888,0.6,0.1111111111111111,0.5555555555555556,0.0915794397159602,0.0012188903873597,3.288027060462531e-05,0.2870204967617963,0.0002776197972026,1.792995662444564e-05,4
121,0.4615384615384615,0.5640535372848948,0.5970149253731343,0.6294416243654823,0.622,0.476,0.6,0.6006796116504854,0.1666666666666666,0.4767153258913342,0.4901960784313725,0.2786069651741293,0.375,0.8095238095238095,0.5555555555555556,0.9,0.1111111111111111,0.2222222222222222,0.1346573876561758,3.0170554142560463e-05,0.023528573640161,0.0026065760444096,0.1315186512932041,0.0284697827935171,29
122,0.75,0.8186615678776292,0.4477611940298507,0.5078745281790967,1.0,0.334,0.8,0.9805825242718448,0.7916666666666666,0.3344900191735382,0.7254901960784313,0.7711442786069652,0.75,0.0,0.6666666666666666,0.8,0.6666666666666666,0.3333333333333333,0.0467730162217324,0.0089968592453137,0.1314402517532719,0.0,0.0,0.0,77
123,0.5384615384615384,0.6319311663479924,0.6716417910447762,0.7191201353637903,0.8,0.55,0.85,0.7864077669902912,0.7916666666666666,0.5500688130050698,0.7867647058823529,0.7711442786069652,0.375,0.4285714285714285,0.7777777777777778,0.8,0.4444444444444444,0.2222222222222222,0.087808542453599,0.4487206176515844,0.0054814151120463,0.0072112305174008,3.195112755529041e-05,0.0,6
124,0.5576923076923077,0.5669216061185468,0.4925373134328358,0.5993752440452949,0.622,0.4,0.6799999999999999,0.6200970873786408,0.1666666666666666,0.4004799265994613,0.5568627450980392,0.2786069651741293,0.375,0.8571428571428571,0.1111111111111111,0.7,0.2222222222222222,0.3333333333333333,0.1883102893548867,0.0002021427127552,0.0,0.0132837520461177,0.2066833238544988,2.3906608832594187e-05,110
125,0.5576923076923077,0.5812619502868069,0.5223880597014925,0.5380710659898477,0.472,0.46,0.6799999999999999,0.4866019417475729,0.1666666666666666,0.4604707515321186,0.5176470588235293,0.2786069651741293,0.375,0.8095238095238095,0.7777777777777778,1.0,0.0,0.0,0.3613300544976507,0.1412012104426322,1.5070124027118606e-05,0.0129403601167176,0.3469892452504649,0.0,67
126,0.6538461538461539,0.652963671128107,0.3880597014925373,0.6065339060262919,0.525,0.248,0.75,0.4401456310679611,0.1666666666666666,0.2481149941773612,0.5715686274509804,0.2786069651741293,0.625,0.8095238095238095,0.6666666666666666,0.2,0.1111111111111111,1.0,0.0818010445973622,0.0119264200525571,0.0,0.1638104049533841,0.0174240148934855,0.0415212970530622,45
127,0.5384615384615384,0.5697896749521989,0.3134328358208955,0.5375504360275934,0.62832,0.072,0.7,0.566457281553398,0.1666666666666666,0.0721419077082328,0.5233333333333333,0.2786069651741293,0.625,0.7619047619047619,0.7777777777777778,0.2,0.1111111111111111,1.0,0.0742861799910706,0.001680499865741,0.0,0.1043769126752544,0.0029615145118471,0.1110969995711752,161
128,0.4807692307692308,0.5831739961759083,0.6716417910447762,0.6898346999869843,0.7,0.2,0.8,0.7038834951456311,0.7916666666666666,0.2003458294613765,0.6862745098039216,0.7711442786069652,0.625,0.0,0.3333333333333333,0.8,0.4444444444444444,0.2222222222222222,0.0447653199345177,0.0008870142917914,0.1308251166907103,0.0004981851825492,0.0,3.585991324889128e-05,254
129,0.5769230769230769,0.6118546845124283,0.373134328358209,0.5401535858388651,0.6,0.2219999999999999,0.8,0.5242718446601942,0.1666666666666666,0.2225071459659111,0.6176470588235294,0.2786069651741293,0.5,0.7619047619047619,0.8888888888888888,0.2,0.3333333333333333,1.0,0.1043902853862672,0.0214301446074659,0.0,0.3017151804142054,0.0025177488513569,0.0,112
130,0.6923076923076923,0.7160611854684512,0.0,0.0013015749056358,0.6,0.2,0.66,0.5436893203883495,0.1666666666666666,0.2005105101572701,0.5009803921568627,0.2786069651741293,0.375,0.6190476190476191,0.6666666666666666,0.2,0.5555555555555556,0.7777777777777778,0.1609643745526444,0.1708860186635048,0.0,0.3544872251085332,0.0029671947123013,0.0,8
131,0.5,0.5989292543021033,0.4477611940298507,0.5078745281790967,0.66,0.334,0.7,0.7194174757281553,0.7916666666666666,0.3344900191735382,0.6519607843137255,0.7711442786069652,0.75,0.0,0.2222222222222222,0.7,0.6666666666666666,0.3333333333333333,0.2046163549646721,0.4986800382562626,0.2083746049229984,0.0073838160984983,0.0,0.0001748170770883,106
132,0.4807692307692308,0.5497131931166348,0.5223880597014925,0.569439021215671,0.6,0.26,0.64,0.6407766990291263,0.7916666666666666,0.2602660769529365,0.5823529411764706,0.7711442786069652,0.5,0.0,0.2222222222222222,0.9,0.4444444444444444,0.2222222222222222,0.1079457433011827,0.1560571913024326,0.1828841751367613,4.62600526652848e-05,0.0,0.0,19
133,0.4807692307692308,0.5762906309751433,0.5671641791044776,0.5934140309774828,0.8,0.4,0.7,0.8349514563106796,0.7916666666666666,0.4004799265994613,0.6421568627450981,0.7711442786069652,0.75,0.0952380952380952,0.2222222222222222,0.8,0.4444444444444444,0.1111111111111111,0.1735881281580644,0.658059007569792,0.0468338354424656,0.0359333855241619,0.0010373466079617,0.0058466600226216,62
134,0.5,0.5764818355640535,0.5970149253731343,0.6638032018742679,0.58,0.46,0.6,0.5757281553398058,0.1666666666666666,0.4600825756060837,0.4705882352941176,0.2786069651741293,0.25,0.7619047619047619,0.4444444444444444,1.0,0.5555555555555556,0.0,0.0502335107400766,6.335816369939222e-05,1.3700112751924551e-05,0.0,0.0736828502677859,0.0,498
135,0.6153846153846154,0.6405353728489483,0.3283582089552239,0.5421059481973188,0.6,0.072,0.7,0.5407766990291263,0.1666666666666666,0.0721419077082328,0.5233333333333333,0.2786069651741293,0.625,0.7619047619047619,0.7777777777777778,0.1,0.2222222222222222,1.0,0.2197261652504836,0.0,0.0,0.2391004198989396,0.005525414991895,0.3000369058273853,101
136,0.6153846153846154,0.6826003824091779,0.5223880597014925,0.5654041390082,0.6,0.5,0.7,0.6504854368932039,0.7916666666666666,0.5003117170315128,0.6519607843137255,0.7711442786069652,0.75,0.0952380952380952,0.1111111111111111,0.8,0.5555555555555556,0.2222222222222222,0.3621464562353391,0.0369166900488461,0.7167309886960368,0.0139064835243043,0.0001846065147639,0.0006992683083534,5
137,0.5192307692307693,0.5564053537284895,0.0,0.0650787452817909,0.64,0.3,0.6799999999999999,0.625242718446602,0.7916666666666666,0.3006363732605602,0.5862745098039216,0.7014925373134329,0.75,0.0952380952380952,1.0,0.8,0.3333333333333333,0.3333333333333333,0.3227664113048962,0.1590470932179611,6.028049610847974e-05,0.6795067966692762,0.0381276355242576,0.0,157
138,0.7692307692307693,0.8221797323135756,0.5970149253731343,0.6377717037615516,1.0,0.2,0.8,0.941747572815534,0.7916666666666666,0.2001223342312352,0.7745098039215687,0.7678275290215588,0.625,0.0952380952380952,0.5555555555555556,0.6,0.5555555555555556,0.3333333333333333,0.0258279178212278,0.1952366729119714,0.0010261384451194,0.0069532417621521,0.0,0.0,83
139,0.1923076923076923,0.2390057361376673,0.6716417910447762,0.7581673825328649,0.62,0.0,0.6,0.5601941747572816,0.0,0.000152917789044,0.4705882352941176,0.0,0.375,0.7142857142857143,0.1111111111111111,0.5,0.0,0.7777777777777778,0.2842622974055149,0.0,0.0,0.0,0.0,0.6485220486170774,350
140,0.6730769230769231,0.7743785850860421,0.0,0.0,0.6799999999999999,0.12,0.7,0.658252427184466,0.7916666666666666,0.1202874854434028,0.6323529411764706,0.7678275290215588,0.625,0.0952380952380952,0.7777777777777778,0.3,0.6666666666666666,0.6666666666666666,0.1516735526940549,0.0515524258634058,0.2835991840212845,0.0150772187032951,0.0,0.0214845705252431,154
141,0.4807692307692308,0.5822179732313576,0.0,0.1301574905635819,0.6799999999999999,0.46,0.7,0.687378640776699,0.7916666666666666,0.4603884111841717,0.6225490196078431,0.7711442786069652,0.75,0.0,0.6666666666666666,0.9,0.1111111111111111,0.0,0.3038920818952992,0.0308131869458046,0.0114108239110807,0.7881663226816596,0.000151235337095,0.0,238
142,0.6153846153846154,0.6500956022944551,0.3507462686567164,0.5723675647533516,0.62,0.2,0.66,0.552504854368932,0.1666666666666666,0.2004869843435709,0.4867058823529411,0.2786069651741293,0.25,0.8095238095238095,0.3333333333333333,0.2,0.3333333333333333,0.8888888888888888,0.0771705159914107,0.0,0.0,0.1696640808483382,0.0265599072991285,0.0135236697839888,115
143,0.4230769230769231,0.4569789674952199,0.4477611940298507,0.6260575296108292,0.6,0.226,0.7599999999999999,0.5110679611650486,0.1666666666666666,0.2261183583687201,0.5941176470588235,0.2786069651741293,0.5,0.8095238095238095,0.5555555555555556,0.2,0.4444444444444444,0.7777777777777778,0.0978838753569986,0.0033881532302103,0.0,0.0302718667710483,0.0001448451115839,0.2281631805352391,26
144,0.6153846153846154,0.6730401529636711,0.373134328358209,0.5531693348952232,0.66,0.3,0.7,0.6223300970873786,0.1666666666666666,0.3001070424523308,0.5127450980392156,0.2786069651741293,0.625,0.8095238095238095,0.4444444444444444,0.1,0.6666666666666666,0.7777777777777778,0.0542453599041861,0.0004555753675527,0.0,0.1889011458259198,2.6270927101016685e-05,0.0046453529287837,142
145,0.3653846153846153,0.4082217973231357,0.373134328358209,0.5486138227254979,0.64,0.2219999999999999,0.6,0.5609320388349515,0.1666666666666666,0.2221189700398762,0.5098039215686274,0.2786069651741293,0.625,0.8571428571428571,0.6666666666666666,0.4,0.2222222222222222,0.7777777777777778,0.0960122460260653,0.0,0.0,0.0083268094797523,0.0001618857129468,0.2442881881928247,143
