,ID,Total Play Rate,Total HP,Total Attack Damage,Total Magic Power,Total Attack Resistance,Total Magic Resistance,Total Attack Speed,Total MS,Total RNG,Total Dificultad,Incremento HP,Incremento Magic Power,Incremento Attack Damage,Incremento Magic Resistance,AD,Defensa,AP,TOP Play Rate,Jungle Play Rate,Mid Play Rate,ADC Play Rate,Support Play Rate,Med Play Rate,Med HP,Med Attack Damage,Med Magic Power,Med Attack Resistance,Med Magic Resistance,Med Attack Speed,Med ms,Med rng,Med Dificultad,Max Play Rate,Max HP,Max Attack Damage,Max Magic Power,Max Attack Resistance,Max Magic Resistance,Max Attack Speed,Max ms,Max rng,Max Dificultad
0,266,"0,1632860169941959","0,6596558317399618","0,9223300970873788","0,0","0,6397058823529411","0,7711442786069652","0,3004128780304189","0,75","0,0952380952380952","0,3333333333333333",0.5769230769230769,0.0,1.0,0.7916666666666666,0.8,0.3333333333333333,0.2222222222222222,0.7514157532531401,0.0009713379941116,,0.0,0.0,"0,14935061909203054","0,6111097723879616","0,624185776034047","0,5652820940735551","0,5982925060435133","0,5395511029328256","0,29884478586594926","0,5339041095890411","0,38069145466405746","0,5266362252663623",1,1,1,1,1,1,1,1,1,1
1,103,"0,1047921081165356","0,6405353728489483","0,5246601941747573","0,5486138227254979","0,5135294117647058","0,2786069651741293","0,2006281392257654","0,375","0,8095238095238095","0,4444444444444444",0.6153846153846154,0.373134328358209,0.6,0.1666666666666666,0.3,0.3333333333333333,0.7777777777777778,0.0019490177976098,0.0,,0.0001682759384578,0.0067192512450113,"0,14935061909203054","0,6111097723879616","0,624185776034047","0,5652820940735551","0,5982925060435133","0,5395511029328256","0,29884478586594926","0,5339041095890411","0,38069145466405746","0,5266362252663623",1,1,1,1,1,1,1,1,1,1
2,84,"0,3976117414444357","0,7361376673040153","0,6650485436893204","0,1301574905635819","0,5343137254901961","0,933665008291874","0,4400856339618647","0,75","0,0","0,6666666666666666",0.6730769230769231,0.0,0.66,0.7916666666666666,0.5,0.2222222222222222,0.7777777777777778,0.5051184345102867,0.0,,0.0,1.792995662444564e-05,"0,14935061909203054","0,6111097723879616","0,624185776034047","0,5652820940735551","0,5982925060435133","0,5395511029328256","0,29884478586594926","0,5339041095890411","0,38069145466405746","0,5266362252663623",1,1,1,1,1,1,1,1,1,1
3,12,"0,1621400780967634","0,9133460803059276","0,7053553398058252","0,670311076402447","0,7401960784313726","0,7711442786069652","0,2251185112865091","0,375","0,0","0,6666666666666666",0.8846153846153846,0.5970149253731343,0.724,0.7916666666666666,0.6,0.8888888888888888,0.4444444444444444,0.0003741148713678,0.0,,0.0,0.3908581127824155,"0,14935061909203054","0,6111097723879616","0,624185776034047","0,5652820940735551","0,5982925060435133","0,5395511029328256","0,29884478586594926","0,5339041095890411","0,38069145466405746","0,5266362252663623",1,1,1,1,1,1,1,1,1,1
4,32,"0,0302359202590941","0,5938049713193115","0,66","0,6294416243654823","0,6823529411764705","0,7711442786069652","0,2362697469798736","0,5","0,0","0,2222222222222222",0.4615384615384615,0.5970149253731343,0.7599999999999999,0.7916666666666666,0.2,0.5555555555555556,0.7777777777777778,0.0003439443172252,0.1033522805892692,,0.0,5.2295706821298336e-05,"0,14935061909203054","0,6111097723879616","0,624185776034047","0,5652820940735551","0,5982925060435133","0,5395511029328256","0,29884478586594926","0,5339041095890411","0,38069145466405746","0,5266362252663623",1,1,1,1,1,1,1,1,1,1
5,34,"0,0851304329338728","0,4340344168260038","0,5415145631067961","0,598724456592477","0,6001960784313726","0,2786069651741293","0,136132120969734","0,25","0,9047619047619048","1,0",0.4230769230769231,0.373134328358209,0.64,0.1666666666666666,0.1,0.3333333333333333,1.0,0.0147262474769874,0.0,,0.0010550972343813,0.0217594965268179,"0,14935061909203054","0,6111097723879616","0,624185776034047","0,5652820940735551","0,5982925060435133","0,5395511029328256","0,29884478586594926","0,5339041095890411","0,38069145466405746","0,5266362252663623",1,1,1,1,1,1,1,1,1,1
6,1,"0,0425273019765142","0,5736137667304015","0,4372330097087378","0,5486138227254979","0,5805882352941176","0,2786069651741293","0,071600813993154","0,5","0,9523809523809524","0,5555555555555556",0.5384615384615384,0.373134328358209,0.525,0.1666666666666666,0.2,0.2222222222222222,1.0,0.0061547930450838,0.0,,0.0002264979931141,0.0150357627926505,"0,14935061909203054","0,6111097723879616","0,624185776034047","0,5652820940735551","0,5982925060435133","0,5395511029328256","0,29884478586594926","0,5339041095890411","0,38069145466405746","0,5266362252663623",1,1,1,1,1,1,1,1,1,1
7,22,"0,148740317631301","0,5391969407265774","0,5953398058252427","0,5362488611219576","0,5470588235294117","0,2786069651741293","0,4664698340253844","0,25","0,9047619047619048","0,3333333333333333",0.4807692307692308,0.4776119402985074,0.592,0.1666666666666666,0.7,0.2222222222222222,0.1111111111111111,8.447755159918572e-05,0.0,,0.158334167612775,0.0292661717002529,"0,14935061909203054","0,6111097723879616","0,624185776034047","0,5652820940735551","0,5982925060435133","0,5395511029328256","0,29884478586594926","0,5339041095890411","0,38069145466405746","0,5266362252663623",1,1,1,1,1,1,1,1,1,1
8,136,"0,0","0,6873804971319312","0,596116504854369","0,7809449433814917","0,511764705882353","0,2786069651741293","0,0721419077082328","0,25","0,8095238095238095","0,6666666666666666",0.6153846153846154,0.746268656716418,0.64,0.1666666666666666,0.2,0.2222222222222222,0.7777777777777778,0.0020063418504807,0.0,,0.0,0.0,"0,14935061909203054","0,6111097723879616","0,624185776034047","0,5652820940735551","0,5982925060435133","0,5395511029328256","0,29884478586594926","0,5339041095890411","0,38069145466405746","0,5266362252663623",1,1,1,1,1,1,1,1,1,1
9,268,"0,0095253956217622","0,6653919694072657","0,4815533980582523","0,5173760249902383","0,4121568627450979","0,2786069651741293","0,4000917506734264","0,5","0,7619047619047619","0,8888888888888888",0.6153846153846154,0.3134328358208955,0.56,0.1666666666666666,0.6,0.2222222222222222,0.7777777777777778,0.0013154361606159,0.0,,0.0001029536332337,0.0,"0,14935061909203054","0,6111097723879616","0,624185776034047","0,5652820940735551","0,5982925060435133","0,5395511029328256","0,29884478586594926","0,5339041095890411","0,38069145466405746","0,5266362252663623",1,1,1,1,1,1,1,1,1,1
10,432,"0,0882698944772406","0,638623326959847","0,5145631067961165","0,7809449433814917","0,7254901960784313","0,2786069651741293","0,2001223342312352","0,375","0,7142857142857143","0,8888888888888888",0.5576923076923077,0.746268656716418,0.6,0.1666666666666666,0.4,0.3333333333333333,0.4444444444444444,0.00014180160447,0.0,,0.0,0.235227583445271,"0,14935061909203054","0,6111097723879616","0,624185776034047","0,5652820940735551","0,5982925060435133","0,5395511029328256","0,29884478586594926","0,5339041095890411","0,38069145466405746","0,5266362252663623",1,1,1,1,1,1,1,1,1,1
11,53,"0,1326645736923044","0,7434034416826003","0,6897087378640777","0,6164258753091241","0,7009803921568627","0,7711442786069652","0,0261489419265289","0,25","0,0","0,3333333333333333",0.6730769230769231,0.5970149253731343,0.7,0.7916666666666666,0.4,0.7777777777777778,0.4444444444444444,4.525583121384656e-05,0.0,,0.0,0.3288757468947556,"0,14935061909203054","0,6111097723879616","0,624185776034047","0,5652820940735551","0,5982925060435133","0,5395511029328256","0,29884478586594926","0,5339041095890411","0,38069145466405746","0,5266362252663623",1,1,1,1,1,1,1,1,1,1
12,63,"0,095565067643703","0,5694837476099427","0,5634951456310681","0,5375504360275934","0,5233333333333333","0,2786069651741293","0,0721419077082328","0,625","0,8095238095238095","0,3333333333333333",0.5384615384615384,0.3134328358208955,0.6,0.1666666666666666,0.2,0.1111111111111111,0.8888888888888888,0.0003741148713678,0.0002274218716819,,0.0027144257920862,0.212786748566724,"0,14935061909203054","0,6111097723879616","0,624185776034047","0,5652820940735551","0,5982925060435133","0,5395511029328256","0,29884478586594926","0,5339041095890411","0,38069145466405746","0,5266362252663623",1,1,1,1,1,1,1,1,1,1
13,201,"0,0638976096153982","0,5726577437858509","0,5803495145631068","0,6999869842509436","0,8529411764705882","0,7711442786069652","0,5002999541246632","0,5","0,0","0,2222222222222222",0.5192307692307693,0.6716417910447762,0.64,0.7916666666666666,0.3,0.8888888888888888,0.3333333333333333,0.0,0.0,,1.7040601362821186e-05,0.1838761876728559,"0,14935061909203054","0,6111097723879616","0,624185776034047","0,5652820940735551","0,5982925060435133","0,5395511029328256","0,29884478586594926","0,5339041095890411","0,38069145466405746","0,5266362252663623",1,1,1,1,1,1,1,1,1,1
14,51,"0,2324385041138993","0,5812619502868069","0,5918446601941747","0,5913705583756346","0,5833333333333334","0,2786069651741293","0,5993906814251938","0,25","1,0","0,5555555555555556",0.5961538461538461,0.5223880597014925,0.576,0.1666666666666666,0.8,0.1111111111111111,0.1111111111111111,0.0001629209923698,0.0,,0.256140119184806,0.0,"0,14935061909203054","0,6111097723879616","0,624185776034047","0,5652820940735551","0,5982925060435133","0,5395511029328256","0,29884478586594926","0,5339041095890411","0,38069145466405746","0,5266362252663623",1,1,1,1,1,1,1,1,1,1
15,164,"0,1922760741848384","0,5741873804971318","0,7524271844660194","0,5745151633476506","0,7019607843137254","0,7711442786069652","0,3003305376824721","0,625","0,0","0,3333333333333333",0.4807692307692308,0.4776119402985074,0.7,0.7916666666666666,0.8,0.5555555555555556,0.2222222222222222,0.874143533394278,0.0041757943667876,,0.0,0.0008367313091408,"0,14935061909203054","0,6111097723879616","0,624185776034047","0,5652820940735551","0,5982925060435133","0,5395511029328256","0,29884478586594926","0,5339041095890411","0,38069145466405746","0,5266362252663623",1,1,1,1,1,1,1,1,1,1
16,69,"0,0313584726484157","0,6548757170172084","0,5242718446601942","0,670311076402447","0,5049019607843137","0,2786069651741293","0,1003964099608295","0,325","0,8095238095238095","1,0",0.5769230769230769,0.5970149253731343,0.6,0.1666666666666666,0.2,0.2222222222222222,0.8888888888888888,0.032650573693087,0.0,,0.0046591844226182,4.183656545703983e-05,"0,14935061909203054","0,6111097723879616","0,624185776034047","0,5652820940735551","0,5982925060435133","0,5395511029328256","0,29884478586594926","0,5339041095890411","0,38069145466405746","0,5266362252663623",1,1,1,1,1,1,1,1,1,1
17,31,"0,0621025179473732","0,4917782026768643","0,8776699029126214","0,6196798125732137","0,6813725490196079","0,7711442786069652","0,0881394610236081","0,75","0,0","0,4444444444444444",0.3846153846153846,0.5970149253731343,0.8400000000000001,0.7916666666666666,0.3,0.6666666666666666,0.6666666666666666,0.2792858026423371,0.006985687492208,,0.0033065866894442,0.002571454612556,"0,14935061909203054","0,6111097723879616","0,624185776034047","0,5652820940735551","0,5982925060435133","0,5395511029328256","0,29884478586594926","0,5339041095890411","0,38069145466405746","0,5266362252663623",1,1,1,1,1,1,1,1,1,1
18,42,"0,0440509684140404","0,5516252390057361","0,4611650485436893","0,604034882207471","0,5833333333333334","0,2786069651741293","0,2602660769529365","0,25","0,8095238095238095","0,5555555555555556",0.5192307692307693,0.5074626865671642,0.5,0.1666666666666666,0.8,0.2222222222222222,0.5555555555555556,0.0056418936246602,0.0,,0.0038873871858937,0.0,"0,14935061909203054","0,6111097723879616","0,624185776034047","0,5652820940735551","0,5982925060435133","0,5395511029328256","0,29884478586594926","0,5339041095890411","0,38069145466405746","0,5266362252663623",1,1,1,1,1,1,1,1,1,1
19,122,"0,1432097628041131","0,8243212237093688","0,9611650485436892","0,5860341012625276","0,7745098039215687","0,7711442786069652","0,000152917789044","0,625","0,0952380952380952","0,1111111111111111",0.7692307692307693,0.5597014925373134,1.0,0.7916666666666666,0.9,0.4444444444444444,0.0,0.6768341434127121,0.0081118367604165,,5.396190431560318e-05,0.0,"0,14935061909203054","0,6111097723879616","0,624185776034047","0,5652820940735551","0,5982925060435133","0,5395511029328256","0,29884478586594926","0,5339041095890411","0,38069145466405746","0,5266362252663623",1,1,1,1,1,1,1,1,1,1
20,131,"0,2826323286583939","0,754302103250478","0,5246601941747573","0,4633606664063517","0,6294117647058823","0,7711442786069652","0,250114688341783","0,75","0,0476190476190476","0,3333333333333333",0.6730769230769231,0.2985074626865671,0.6,0.7916666666666666,0.7,0.5555555555555556,0.7777777777777778,0.0131302251628455,0.4124090141261862,,0.0,1.6435793572407055e-05,"0,14935061909203054","0,6111097723879616","0,624185776034047","0,5652820940735551","0,5982925060435133","0,5395511029328256","0,29884478586594926","0,5339041095890411","0,38069145466405746","0,5266362252663623",1,1,1,1,1,1,1,1,1,1
21,36,"0,2592146385367133","0,6458126195028681","0,6870873786407766","0,0","0,6617647058823529","0,7711442786069652","0,3600978673849881","0,75","0,0","0,4444444444444444",0.5576923076923077,0.0,0.7,0.7916666666666666,0.5,0.6666666666666666,0.5555555555555556,1.0,0.0767535116814011,,2.485087698744687e-05,0.0052938196933678,"0,14935061909203054","0,6111097723879616","0,624185776034047","0,5652820940735551","0,5982925060435133","0,5395511029328256","0,29884478586594926","0,5339041095890411","0,38069145466405746","0,5266362252663623",1,1,1,1,1,1,1,1,1,1
22,119,"0,1778366771315384","0,621414913957935","0,6929126213592234","0,6661200052062997","0,5598039215686273","0,2786069651741293","0,3407361227106443","0,375","0,8095238095238095","0,7777777777777778",0.5384615384615384,0.582089552238806,0.722,0.1666666666666666,0.9,0.2222222222222222,0.0,0.0173752221307048,0.0,,0.1961167309594356,0.0,"0,14935061909203054","0,6111097723879616","0,624185776034047","0,5652820940735551","0,5982925060435133","0,5395511029328256","0,29884478586594926","0,5339041095890411","0,38069145466405746","0,5266362252663623",1,1,1,1,1,1,1,1,1,1
23,245,"0,2326695344667521","0,5831739961759083","0,5728155339805825","0,7353898216842379","0,5392156862745098","0,7678275290215588","0,4600825756060837","0,625","0,0","0,7777777777777778",0.4807692307692308,0.746268656716418,0.6,0.7916666666666666,0.5,0.2222222222222222,0.6666666666666666,0.0140021541775657,0.2804700782687441,,0.0,1.6435793572407055e-05,"0,14935061909203054","0,6111097723879616","0,624185776034047","0,5652820940735551","0,5982925060435133","0,5395511029328256","0,29884478586594926","0,5339041095890411","0,38069145466405746","0,5266362252663623",1,1,1,1,1,1,1,1,1,1
24,60,"0,113467085261539","0,6644359464627151","0,5436893203883495","0,764024469608226","0,5485294117647059","0,2786069651741293","0,1501299801206874","0,375","0,8095238095238095","0,8888888888888888",0.6346153846153846,0.746268656716418,0.6,0.1666666666666666,0.6,0.4444444444444444,0.6666666666666666,0.0002775690981116,0.2636655199672293,,0.0,0.000522957068213,"0,14935061909203054","0,6111097723879616","0,624185776034047","0,5652820940735551","0,5982925060435133","0,5395511029328256","0,29884478586594926","0,5339041095890411","0,38069145466405746","0,5266362252663623",1,1,1,1,1,1,1,1,1,1
25,28,"0,0998214121198806","0,5544933078393881","0,6019417475728155","0,6700507614213198","0,6715686274509803","0,7711442786069652","0,220613317963135","0,5","0,0","1,0",0.4615384615384615,0.6268656716417911,0.6,0.7916666666666666,0.4,0.1111111111111111,0.6666666666666666,0.0002655008764545,0.2378558775538722,,0.0,0.0,"0,14935061909203054","0,6111097723879616","0,624185776034047","0,5652820940735551","0,5982925060435133","0,5395511029328256","0,29884478586594926","0,5339041095890411","0,38069145466405746","0,5266362252663623",1,1,1,1,1,1,1,1,1,1
26,81,"1,0","0,5095602294455067","0,5097087378640777","0,6993361967981258","0,5245098039215687","0,2786069651741293","0,1001376260101396","0,25","0,8095238095238095","0,6666666666666666",0.5,0.6268656716417911,0.5,0.1666666666666666,0.7,0.1111111111111111,0.5555555555555556,0.0107165808314401,0.0,,1.0,0.0006619142320524,"0,14935061909203054","0,6111097723879616","0,624185776034047","0,5652820940735551","0,5982925060435133","0,5395511029328256","0,29884478586594926","0,5339041095890411","0,38069145466405746","0,5266362252663623",1,1,1,1,1,1,1,1,1,1
27,9,"0,1324420475242192","0,4439770554493308","0,4173300970873786","0,6351685539502798","0,6029411764705882","0,2786069651741293","0,2221189700398762","0,5","0,6761904761904762","0,8888888888888888",0.3846153846153846,0.417910447761194,0.525,0.1666666666666666,0.2,0.2222222222222222,0.8888888888888888,0.0004103195363389,0.2857870920277673,,0.0,0.015741007753212,"0,14935061909203054","0,6111097723879616","0,624185776034047","0,5652820940735551","0,5982925060435133","0,5395511029328256","0,29884478586594926","0,5339041095890411","0,38069145466405746","0,5266362252663623",1,1,1,1,1,1,1,1,1,1
28,114,"0,1374432168496247","0,5497131931166348","0,7194174757281553","0,6377717037615516","0,6323529411764706","0,7711442786069652","0,4408502229070848","0,75","0,0476190476190476","0,2222222222222222",0.4807692307692308,0.5970149253731343,0.66,0.7916666666666666,1.0,0.3333333333333333,0.1111111111111111,0.6682626889808085,0.0,,0.0,0.0,"0,14935061909203054","0,6111097723879616","0,624185776034047","0,5652820940735551","0,5982925060435133","0,5395511029328256","0,29884478586594926","0,5339041095890411","0,38069145466405746","0,5266362252663623",1,1,1,1,1,1,1,1,1,1
29,105,"0,0698562084092213","0,780114722753346","0,5732038834951457","0,6157750878563062","0,5118823529411763","0,7711442786069652","0,4204768682436803","0,5","0,0952380952380952","0,5555555555555556",0.7307692307692307,0.5522388059701493,0.6,0.7916666666666666,0.6,0.3333333333333333,0.6666666666666666,0.0095791509402653,0.0,,0.0,6.126068513352406e-05,"0,14935061909203054","0,6111097723879616","0,624185776034047","0,5652820940735551","0,5982925060435133","0,5395511029328256","0,29884478586594926","0,5339041095890411","0,38069145466405746","0,5266362252663623",1,1,1,1,1,1,1,1,1,1
30,3,"0,1171727837740154","1,0","0,6650485436893204","0,7679291943251334","0,5441176470588235","0,7678275290215588","0,1001376260101396","0,5","0,0476190476190476","0,4444444444444444",1.0,0.5970149253731343,0.7,0.7916666666666666,0.1,1.0,0.5555555555555556,0.0120018464379135,0.0,,0.0001384548860729,0.1102513032837221,"0,14935061909203054","0,6111097723879616","0,624185776034047","0,5652820940735551","0,5982925060435133","0,5395511029328256","0,29884478586594926","0,5339041095890411","0,38069145466405746","0,5266362252663623",1,1,1,1,1,1,1,1,1,1
31,41,"0,0728390512164527","0,491395793499044","0,6310679611650486","0,6260575296108292","0,5686274509803921","0,7711442786069652","0,4404738098878996","0,75","0,0","0,8888888888888888",0.4230769230769231,0.5970149253731343,0.6,0.7916666666666666,0.7,0.5555555555555556,0.3333333333333333,0.3605833778349007,0.0,,0.0,0.0,"0,14935061909203054","0,6111097723879616","0,624185776034047","0,5652820940735551","0,5982925060435133","0,5395511029328256","0,29884478586594926","0,5339041095890411","0,38069145466405746","0,5266362252663623",1,1,1,1,1,1,1,1,1,1
32,86,"0,1155910054072441","0,6003824091778203","0,8980582524271845","0,0","0,5784313725490197","0,7711442786069652","0,5300718713608507","0,625","0,0952380952380952","0,4444444444444444",0.4615384615384615,0.0,0.9,0.7916666666666666,0.7,0.6666666666666666,0.0,0.5234017903206829,0.0055321055292285,,6.390225511058083e-05,0.0,"0,14935061909203054","0,6111097723879616","0,624185776034047","0,5652820940735551","0,5982925060435133","0,5395511029328256","0,29884478586594926","0,5339041095890411","0,38069145466405746","0,5266362252663623",1,1,1,1,1,1,1,1,1,1
33,150,"0,105403700737738","0,1864244741873805","0,5825242718446602","0,0650787452817909","0,4558823529411764","0,2786069651741293","1,0","0,25","0,0952380952380952","0,7777777777777778",0.0961538461538461,0.0,0.6,0.1666666666666666,0.6,0.4444444444444444,0.4444444444444444,0.5427803372464542,0.0,,1.4910526192469228e-05,0.0,"0,14935061909203054","0,6111097723879616","0,624185776034047","0,5652820940735551","0,5982925060435133","0,5395511029328256","0,29884478586594926","0,5339041095890411","0,38069145466405746","0,5266362252663623",1,1,1,1,1,1,1,1,1,1
34,79,"0,0755107825976032","0,760038240917782","0,7135922330097088","0,7802941559286738","0,6686274509803922","0,7711442786069652","0,2101208050533447","0,375","0,0","0,4444444444444444",0.6730769230769231,0.7014925373134329,0.7,0.7916666666666666,0.4,0.6666666666666666,0.5555555555555556,0.0693379675304496,0.107110221517123,,4.1891478350270814e-05,0.0366294072206923,"0,14935061909203054","0,6111097723879616","0,624185776034047","0,5652820940735551","0,5982925060435133","0,5395511029328256","0,29884478586594926","0,5339041095890411","0,38069145466405746","0,5266362252663623",1,1,1,1,1,1,1,1,1,1
35,104,"0,1386061641165924","0,6682600382409177","0,6699029126213593","0,6540413900819992","0,6156862745098038","0,560530679933665","0,318515991671862","0,625","0,5714285714285714","0,2222222222222222",0.6153846153846154,0.5970149253731343,0.6,0.5833333333333334,0.8,0.4444444444444444,0.2222222222222222,0.0246885644548633,0.2816852782698402,,0.0003109909748715,0.0,"0,14935061909203054","0,6111097723879616","0,624185776034047","0,5652820940735551","0,5982925060435133","0,5395511029328256","0,29884478586594926","0,5339041095890411","0,38069145466405746","0,5266362252663623",1,1,1,1,1,1,1,1,1,1
36,120,"0,1898141126946218","0,6596558317399618","0,6834951456310681","0,6229337498373032","0,7450980392156863","0,7711442786069652","0,3006363732605602","0,75","0,0952380952380952","0,5555555555555556",0.5769230769230769,0.5970149253731343,0.64,0.7916666666666666,0.8,0.5555555555555556,0.3333333333333333,0.0127168885710923,0.4062617735343961,,0.0,0.0,"0,14935061909203054","0,6111097723879616","0,624185776034047","0,5652820940735551","0,5982925060435133","0,5395511029328256","0,29884478586594926","0,5339041095890411","0,38069145466405746","0,5266362252663623",1,1,1,1,1,1,1,1,1,1
37,74,"0,0244757524431814","0,5229445506692161","0,4993786407766991","0,4718209032929845","0,4121568627450979","0,2786069651741293","0,0721419077082328","0,625","0,8095238095238095","0,7777777777777778",0.5192307692307693,0.2985074626865671,0.54,0.1666666666666666,0.2,0.5555555555555556,0.7777777777777778,0.0827155912372642,0.0,,0.0075653169800362,0.0088872818335173,"0,14935061909203054","0,6111097723879616","0,624185776034047","0,5652820940735551","0,5982925060435133","0,5395511029328256","0,29884478586594926","0,5339041095890411","0,38069145466405746","0,5266362252663623",1,1,1,1,1,1,1,1,1,1
38,420,"0,0252517593032237","0,7462715105162523","1,0","0,6377717037615516","0,7019607843137254","0,7711442786069652","0,2994718454824556","0,625","0,0","0,3333333333333333",0.6730769230769231,0.5970149253731343,1.0,0.7916666666666666,0.8,0.5555555555555556,0.2222222222222222,0.2053890643809454,0.0,,0.0,0.0,"0,14935061909203054","0,6111097723879616","0,624185776034047","0,5652820940735551","0,5982925060435133","0,5395511029328256","0,29884478586594926","0,5339041095890411","0,38069145466405746","0,5266362252663623",1,1,1,1,1,1,1,1,1,1
39,39,"0,1955133338530335","0,7409177820267686","0,7864077669902912","0,5596772094234024","0,5784313725490197","0,7678275290215588","0,3004716925646665","0,5","0,1428571428571428","0,4444444444444444",0.6730769230769231,0.4477611940298507,0.8,0.7916666666666666,0.7,0.3333333333333333,0.4444444444444444,0.5678309483510283,0.0,,0.0004096844577645,0.0,"0,14935061909203054","0,6111097723879616","0,624185776034047","0,5652820940735551","0,5982925060435133","0,5395511029328256","0,29884478586594926","0,5339041095890411","0,38069145466405746","0,5266362252663623",1,1,1,1,1,1,1,1,1,1
40,427,"0,0184151034321472","0,745697896749522","0,4951456310679611","0,9566575556423272","0,5735294117647058","0,7711442786069652","0,4803030124804442","0,375","0,6666666666666666","0,6666666666666666",0.6730769230769231,0.8955223880597015,0.6,0.7916666666666666,0.3,0.4444444444444444,0.6666666666666666,0.0005189335312521,0.0786838575681477,,8.520300681410593e-06,0.0014807155845688,"0,14935061909203054","0,6111097723879616","0,624185776034047","0,5652820940735551","0,5982925060435133","0,5395511029328256","0,29884478586594926","0,5339041095890411","0,38069145466405746","0,5266362252663623",1,1,1,1,1,1,1,1,1,1
41,40,"0,1217260660349947","0,2581261950286806","0,2087378640776699","0,9358323571521542","0,6333333333333333","0,2786069651741293","0,390093279851317","0,0","0,8095238095238095","0,6666666666666666",0.1923076923076923,0.9552238805970148,0.3,0.1666666666666666,0.3,0.4444444444444444,0.6666666666666666,0.000117665161156,0.0,,0.0,0.3057550678275317,"0,14935061909203054","0,6111097723879616","0,624185776034047","0,5652820940735551","0,5982925060435133","0,5395511029328256","0,29884478586594926","0,5339041095890411","0,38069145466405746","0,5266362252663623",1,1,1,1,1,1,1,1,1,1
42,59,"0,0574833282544451","0,6500956022944551","0,6970873786407766","0,6377717037615516","0,6588235294117647","0,7711442786069652","0,3004952183783657","0,625","0,0952380952380952","0,4444444444444444",0.5769230769230769,0.5970149253731343,0.6799999999999999,0.7916666666666666,0.6,0.7777777777777778,0.2222222222222222,0.0046553165041982,0.1479502576306202,,0.0,0.0065817882442239,"0,14935061909203054","0,6111097723879616","0,624185776034047","0,5652820940735551","0,5982925060435133","0,5395511029328256","0,29884478586594926","0,5339041095890411","0,38069145466405746","0,5266362252663623",1,1,1,1,1,1,1,1,1,1
43,24,"0,1526550773526473","0,5906309751434033","0,7317961165048543","0,5745151633476506","0,5784313725490197","0,7711442786069652","0,480232435039347","0,875","0,0","0,4444444444444444",0.4807692307692308,0.4776119402985074,0.675,0.7916666666666666,0.7,0.4444444444444444,0.6666666666666666,0.6564207464798507,0.035431231599036,,0.0,0.0,"0,14935061909203054","0,6111097723879616","0,624185776034047","0,5652820940735551","0,5982925060435133","0,5395511029328256","0,29884478586594926","0,5339041095890411","0,38069145466405746","0,5266362252663623",1,1,1,1,1,1,1,1,1,1
44,126,"0,1115437221399363","0,6405353728489483","0,7402912621359223","0,6418065859690226","0,5735294117647058","0,2786069651741293","0,4004799265994613","0,5","0,0","0,6666666666666666",0.5769230769230769,0.5522388059701493,0.85,0.1666666666666666,0.8,0.3333333333333333,0.2222222222222222,0.4409607511261159,0.0,,7.810275624625687e-06,0.0,"0,14935061909203054","0,6111097723879616","0,624185776034047","0,5652820940735551","0,5982925060435133","0,5395511029328256","0,29884478586594926","0,5339041095890411","0,38069145466405746","0,5266362252663623",1,1,1,1,1,1,1,1,1,1
45,202,"0,3878255508231341","0,652963671128107","0,8631067961165049","0,7484055707405962","0,5441176470588235","0,2786069651741293","0,4000917506734264","0,375","0,8095238095238095","0,5555555555555556",0.5961538461538461,0.746268656716418,0.94,0.1666666666666666,1.0,0.1111111111111111,0.5555555555555556,0.0,0.0,,0.411196811135465,0.0,"0,14935061909203054","0,6111097723879616","0,624185776034047","0,5652820940735551","0,5982925060435133","0,5395511029328256","0,29884478586594926","0,5339041095890411","0,38069145466405746","0,5266362252663623",1,1,1,1,1,1,1,1,1,1
46,222,"0,3454718759522914","0,5630975143403442","0,629126213592233","0,6572953273460888","0,5833333333333334","0,2786069651741293","0,000152917789044","0,25","0,7619047619047619","0,5555555555555556",0.4615384615384615,0.6716417910447762,0.6799999999999999,0.1666666666666666,0.9,0.1111111111111111,0.3333333333333333,3.922172038532744e-05,0.0,,0.3694828390493901,0.0,"0,14935061909203054","0,6111097723879616","0,624185776034047","0,5652820940735551","0,5982925060435133","0,5395511029328256","0,29884478586594926","0,5339041095890411","0,38069145466405746","0,5266362252663623",1,1,1,1,1,1,1,1,1,1
47,145,"0,6295428292005357","0,5860420650095602","0,3679611650485437","0,6448522712482103","0,5","0,2786069651741293","0,1603519461729382","0,5","0,7619047619047619","0,5555555555555556",0.5,0.5671641791044776,0.3399999999999999,0.1666666666666666,0.8,0.4444444444444444,0.2222222222222222,0.0,0.0,,0.6538230234144965,1.9424119676478423e-05,"0,14935061909203054","0,6111097723879616","0,624185776034047","0,5652820940735551","0,5982925060435133","0,5395511029328256","0,29884478586594926","0,5339041095890411","0,38069145466405746","0,5266362252663623",1,1,1,1,1,1,1,1,1,1
48,429,"0,0388619983416839","0,5994263862332696","0,8446601941747572","0,6605492646101784","0,5343137254901961","0,2786069651741293","0,6008728076882359","0,25","0,7619047619047619","0,6666666666666666",0.5576923076923077,0.6716417910447762,0.8,0.1666666666666666,0.8,0.1111111111111111,0.3333333333333333,0.0144305760463902,0.0,,0.0580807596700087,0.0,"0,14935061909203054","0,6111097723879616","0,624185776034047","0,5652820940735551","0,5982925060435133","0,5395511029328256","0,29884478586594926","0,5339041095890411","0,38069145466405746","0,5266362252663623",1,1,1,1,1,1,1,1,1,1
49,43,"0,3678272516600877","0,6969407265774379","0,5790679611650486","0,7965638422491215","0,6137254901960784","0,2786069651741293","0,2601131591638926","0,5","0,7619047619047619","0,4444444444444444",0.6730769230769231,0.746268656716418,0.66,0.1666666666666666,0.1,0.6666666666666666,0.7777777777777778,0.0802747934071305,0.0,,0.0038760267849852,0.7323729849343539,"0,14935061909203054","0,6111097723879616","0,624185776034047","0,5652820940735551","0,5982925060435133","0,5395511029328256","0,29884478586594926","0,5339041095890411","0,38069145466405746","0,5266362252663623",1,1,1,1,1,1,1,1,1,1
50,30,"0,0570170154563558","0,5611854684512428","0,4942718446601941","0,64135103475205","0,5135294117647058","0,2786069651741293","0,2221189700398762","0,5","0,6190476190476191","0,6666666666666666",0.5192307692307693,0.4552238805970149,0.65,0.1666666666666666,0.2,0.1111111111111111,1.0,0.002362354389363,0.1261410481408261,,0.0069454651054635,0.0011519997131206,"0,14935061909203054","0,6111097723879616","0,624185776034047","0,5652820940735551","0,5982925060435133","0,5395511029328256","0,29884478586594926","0,5339041095890411","0,38069145466405746","0,5266362252663623",1,1,1,1,1,1,1,1,1,1
51,38,"0,1091179034349819","0,655831739961759","0,7296310679611651","1,0","0,3784313725490195","0,2786069651741293","0,5402467857857035","0,625","0,0476190476190476","0,7777777777777778",0.5769230769230769,1.0,0.7799999999999999,0.1666666666666666,0.3,0.4444444444444444,0.7777777777777778,0.0181506053721688,0.0,,0.0,0.0,"0,14935061909203054","0,6111097723879616","0,624185776034047","0,5652820940735551","0,5982925060435133","0,5395511029328256","0,29884478586594926","0,5339041095890411","0,38069145466405746","0,5266362252663623",1,1,1,1,1,1,1,1,1,1
52,55,"0,2639146179849334","0,745697896749522","0,6058252427184466","0,0","0,582156862745098","0,7711442786069652","0,3484878783244916","0,625","0,0","0,7777777777777778",0.6538461538461539,0.0,0.64,0.7916666666666666,0.4,0.2222222222222222,0.8888888888888888,0.0318570881191374,0.0,,0.0009329729246145,0.0,"0,14935061909203054","0,6111097723879616","0,624185776034047","0,5652820940735551","0,5982925060435133","0,5395511029328256","0,29884478586594926","0,5339041095890411","0,38069145466405746","0,5266362252663623",1,1,1,1,1,1,1,1,1,1
53,10,"0,1096394934340606","0,5975143403441683","0,4126213592233009","0,7679291943251334","0,4803921568627451","0,4112769485903814","0,1006316680978203","0,5","0,0952380952380952","0,6666666666666666",0.4807692307692308,0.746268656716418,0.5,0.1666666666666666,0.6,0.5555555555555556,0.6666666666666666,0.4124616456830463,0.0,,1.0650375851762553e-05,0.0006649025581565,"0,14935061909203054","0,6111097723879616","0,624185776034047","0,5652820940735551","0,5982925060435133","0,5395511029328256","0,29884478586594926","0,5339041095890411","0,38069145466405746","0,5266362252663623",1,1,1,1,1,1,1,1,1,1
54,141,"0,2685167993083262","0,5831739961759083","0,7194174757281553","0,8199921905505663","0,6480392156862744","0,7711442786069652","0,3406184936421488","0,625","0,0952380952380952","0,7777777777777778",0.4807692307692308,0.746268656716418,0.66,0.7916666666666666,1.0,0.5555555555555556,0.0,0.0140956828954077,0.5571465953164793,,0.0,0.0,"0,14935061909203054","0,6111097723879616","0,624185776034047","0,5652820940735551","0,5982925060435133","0,5395511029328256","0,29884478586594926","0,5339041095890411","0,38069145466405746","0,5266362252663623",1,1,1,1,1,1,1,1,1,1
55,85,"0,029496056184314","0,5248565965583174","0,5995145631067961","0,1301574905635819","0,6348039215686274","0,2786069651741293","0,4800795172503029","0,5","0,8095238095238095","0,3333333333333333",0.4615384615384615,0.0,0.75,0.1666666666666666,0.6,0.3333333333333333,0.6666666666666666,0.1813189962860047,0.0,,0.0,0.0008800620376499,"0,14935061909203054","0,6111097723879616","0,624185776034047","0,5652820940735551","0,5982925060435133","0,5395511029328256","0,29884478586594926","0,5339041095890411","0,38069145466405746","0,5266362252663623",1,1,1,1,1,1,1,1,1,1
56,121,"0,2451416301104835","0,57151051625239","0,6378640776699029","0,6554731224781987","0,5784313725490197","0,7711442786069652","0,3406067307352993","0,875","0,0","0,5555555555555556",0.4807692307692308,0.5970149253731343,0.62,0.7916666666666666,0.9,0.3333333333333333,0.2222222222222222,0.0005672064178802,0.5184684369952364,,0.0,0.0,"0,14935061909203054","0,6111097723879616","0,624185776034047","0,5652820940735551","0,5982925060435133","0,5395511029328256","0,29884478586594926","0,5339041095890411","0,38069145466405746","0,5266362252663623",1,1,1,1,1,1,1,1,1,1
57,203,"0,146369067445272","0,5401529636711281","0,5186407766990292","0,5824547702720292","0,5931372549019608","0,2786069651741293","0,500076458894522","0,25","0,7142857142857143","0,3333333333333333",0.4807692307692308,0.5223880597014925,0.452,0.1666666666666666,0.8,0.1111111111111111,0.1111111111111111,0.0002413644331405,0.315623197578916,,0.0036076373135207,0.0,"0,14935061909203054","0,6111097723879616","0,624185776034047","0,5652820940735551","0,5982925060435133","0,5395511029328256","0,29884478586594926","0,5339041095890411","0,38069145466405746","0,5266362252663623",1,1,1,1,1,1,1,1,1,1
58,240,"0,0552261758807146","0,0","0,7233009708737864","0,0650787452817909","0,7352941176470589","0,7711442786069652","0,500076458894522","0,75","0,0","0,6666666666666666",0.0,0.0,0.7,0.7916666666666666,0.8,0.1111111111111111,0.1111111111111111,0.2944706425422916,7.535062013560366e-05,,2.5560902044231776e-05,5.2295706821298336e-05,"0,14935061909203054","0,6111097723879616","0,624185776034047","0,5652820940735551","0,5982925060435133","0,5395511029328256","0,29884478586594926","0,5339041095890411","0,38069145466405746","0,5266362252663623",1,1,1,1,1,1,1,1,1,1
59,96,"0,1558512334611323","0,5831739961759083","0,6200970873786408","0,6540413900819992","0,5441176470588235","0,2786069651741293","0,3305729711926412","0,375","0,7142857142857143","0,5555555555555556",0.5384615384615384,0.5970149253731343,0.622,0.1666666666666666,0.8,0.1111111111111111,0.4444444444444444,4.525583121384656e-05,0.0,,0.1746725541944375,4.930738071722696e-05,"0,14935061909203054","0,6111097723879616","0,624185776034047","0,5652820940735551","0,5982925060435133","0,5395511029328256","0,29884478586594926","0,5339041095890411","0,38069145466405746","0,5266362252663623",1,1,1,1,1,1,1,1,1,1
60,7,"0,1278122276003316","0,6424474187380497","0,6250485436893204","0,7705323441364051","0,5233333333333333","0,2786069651741293","0,0801406843659205","0,625","0,7619047619047619","0,8888888888888888",0.6153846153846154,0.746268656716418,0.7,0.1666666666666666,0.1,0.3333333333333333,1.0,0.0007784002968782,0.0,,0.0,0.0093504723796489,"0,14935061909203054","0,6111097723879616","0,624185776034047","0,5652820940735551","0,5982925060435133","0,5395511029328256","0,29884478586594926","0,5339041095890411","0,38069145466405746","0,5266362252663623",1,1,1,1,1,1,1,1,1,1
61,64,"0,6529463456809372","0,5736137667304015","0,7223300970873787","0,1301574905635819","0,665686274509804","0,7711442786069652","0,4003975862515144","0,75","0,0","0,5555555555555556",0.4807692307692308,0.0,0.64,0.7916666666666666,0.8,0.4444444444444444,0.2222222222222222,0.4948031220489427,1.0,,0.0001746661639689,0.0058182709246329,"0,14935061909203054","0,6111097723879616","0,624185776034047","0,5652820940735551","0,5982925060435133","0,5395511029328256","0,29884478586594926","0,5339041095890411","0,38069145466405746","0,5266362252663623",1,1,1,1,1,1,1,1,1,1
62,89,"0,285746986329523","0,6072275334608029","0,5926213592233011","0,639203436157751","0,7862745098039216","0,7711442786069652","0,3800948090292073","0,5","0,0","0,3333333333333333",0.5192307692307693,0.5970149253731343,0.6,0.7916666666666666,0.4,0.7777777777777778,0.2222222222222222,0.0002866202643543,0.0,,0.0,0.6515103747211519,"0,14935061909203054","0,6111097723879616","0,624185776034047","0,5652820940735551","0,5982925060435133","0,5395511029328256","0,29884478586594926","0,5339041095890411","0,38069145466405746","0,5266362252663623",1,1,1,1,1,1,1,1,1,1
63,127,"0,0315065871997845","0,6309751434034416","0,4747572815533981","0,6410256410256411","0,557843137254902","0,2786069651741293","0,0721419077082328","0,25","0,8095238095238095","0,5555555555555556",0.5769230769230769,0.4477611940298507,0.54,0.1666666666666666,0.2,0.4444444444444444,0.7777777777777778,0.0147021110336733,0.0,,0.0,0.0006290426449076,"0,14935061909203054","0,6111097723879616","0,624185776034047","0,5652820940735551","0,5982925060435133","0,5395511029328256","0,29884478586594926","0,5339041095890411","0,38069145466405746","0,5266362252663623",1,1,1,1,1,1,1,1,1,1
64,236,"0,2699022727433791","0,5860420650095602","0,5898058252427184","0,6474554210594821","0,5","0,2786069651741293","0,4602354933951276","0,5","0,7142857142857143","0,5555555555555556",0.5,0.5671641791044776,0.55,0.1666666666666666,0.8,0.4444444444444444,0.2222222222222222,0.1055607348340167,0.0,,0.1465931932737906,0.0,"0,14935061909203054","0,6111097723879616","0,624185776034047","0,5652820940735551","0,5982925060435133","0,5395511029328256","0,29884478586594926","0,5339041095890411","0,38069145466405746","0,5266362252663623",1,1,1,1,1,1,1,1,1,1
65,117,"0,4699894406372468","0,3470363288718929","0,3938640776699029","0,8362618768710139","0,6188235294117648","0,2786069651741293","0,250114688341783","0,375","0,8095238095238095","0,4444444444444444",0.2692307692307692,0.8208955223880597,0.52,0.1666666666666666,0.4,0.4444444444444444,0.6666666666666666,0.042109042416782,0.0003452428413485,,9.940350794977643e-06,1.0,"0,14935061909203054","0,6111097723879616","0,624185776034047","0,5652820940735551","0,5982925060435133","0,5395511029328256","0,29884478586594926","0,5339041095890411","0,38069145466405746","0,5266362252663623",1,1,1,1,1,1,1,1,1,1
66,99,"0,2366090980603371","0,4923518164435946","0,5790291262135923","0,5723675647533516","0,5756862745098039","0,2786069651741293","0,000152917789044","0,375","0,8095238095238095","0,4444444444444444",0.4807692307692308,0.3507462686567164,0.66,0.1666666666666666,0.2,0.3333333333333333,0.8888888888888888,7.240932994215918e-05,5.891048483328569e-05,,0.0040329423225345,0.3248504716325674,"0,14935061909203054","0,6111097723879616","0,624185776034047","0,5652820940735551","0,5982925060435133","0,5395511029328256","0,29884478586594926","0,5339041095890411","0,38069145466405746","0,5266362252663623",1,1,1,1,1,1,1,1,1,1
67,54,"0,1551999546443478","0,6541108986615677","0,7764077669902912","0,6261876871013927","0,7132352941176471","0,7711442786069652","0,480232435039347","0,5","0,0","0,1111111111111111",0.5769230769230769,0.5970149253731343,0.8,0.7916666666666666,0.5,0.8888888888888888,0.6666666666666666,0.5839178878198455,0.0064678232301851,,0.0,0.0224916364223162,"0,14935061909203054","0,6111097723879616","0,624185776034047","0,5652820940735551","0,5982925060435133","0,5395511029328256","0,29884478586594926","0,5339041095890411","0,38069145466405746","0,5266362252663623",1,1,1,1,1,1,1,1,1,1
68,90,"0,0779606964927324","0,5697896749521989","0,5436893203883495","0,5482884289990889","0,4852941176470588","0,2786069651741293","0,1001376260101396","0,5","0,7142857142857143","0,5555555555555556",0.5192307692307693,0.4104477611940298,0.6,0.1666666666666666,0.2,0.1111111111111111,0.8888888888888888,0.0222568177909723,0.0,,0.0008122686649611,0.000201712012025,"0,14935061909203054","0,6111097723879616","0,624185776034047","0,5652820940735551","0,5982925060435133","0,5395511029328256","0,29884478586594926","0,5339041095890411","0,38069145466405746","0,5266362252663623",1,1,1,1,1,1,1,1,1,1
69,57,"0,0751217161444861","0,7265774378585086","0,6761165048543689","0,721254718209033","0,7745098039215687","0,7711442786069652","0,2259419147659769","0,5","0,0","0,2222222222222222",0.6730769230769231,0.6417910447761194,0.66,0.7916666666666666,0.3,0.7777777777777778,0.5555555555555556,0.0820759754894418,0.0006808956037708,,0.002836550101853,0.1593390420323008,"0,14935061909203054","0,6111097723879616","0,624185776034047","0,5652820940735551","0,5982925060435133","0,5395511029328256","0,29884478586594926","0,5339041095890411","0,38069145466405746","0,5266362252663623",1,1,1,1,1,1,1,1,1,1
70,11,"0,1503844600197013","0,7099043977055449","0,6504854368932039","0,627723545490043","0,5490196078431373","0,7711442786069652","0,2007575312011104","1,0","0,0","0,3333333333333333",0.6153846153846154,0.6268656716417911,0.6,0.7916666666666666,1.0,0.3333333333333333,0.1111111111111111,0.0143672178826908,0.3205059177637031,,1.7750626419606092e-05,0.0,"0,14935061909203054","0,6111097723879616","0,624185776034047","0,5652820940735551","0,5982925060435133","0,5395511029328256","0,29884478586594926","0,5339041095890411","0,38069145466405746","0,5266362252663623",1,1,1,1,1,1,1,1,1,1
71,21,"0,1133161359819144","0,638623326959847","0,4456310679611651","0,5992711180528439","0,5","0,2786069651741293","0,4004564007857621","0,25","0,8095238095238095","0,0",0.5961538461538461,0.5223880597014925,0.54,0.1666666666666666,0.8,0.1111111111111111,0.4444444444444444,0.0,0.0,,0.1306751415257444,0.0130126660201921,"0,14935061909203054","0,6111097723879616","0,624185776034047","0,5652820940735551","0,5982925060435133","0,5395511029328256","0,29884478586594926","0,5339041095890411","0,38069145466405746","0,5266362252663623",1,1,1,1,1,1,1,1,1,1
72,82,"0,1791307305803397","0,6548757170172084","0,7669902912621359","0,0","0,5882352941176471","0,7678275290215588","0,000152917789044","0,5","0,0952380952380952","0,3333333333333333",0.5769230769230769,0.0,0.8,0.7916666666666666,0.4,0.5555555555555556,0.6666666666666666,0.7486823010478235,0.0290730092708662,,3.834135306634904e-05,3.884823935296265e-05,"0,14935061909203054","0,6111097723879616","0,624185776034047","0,5652820940735551","0,5982925060435133","0,5395511029328256","0,29884478586594926","0,5339041095890411","0,38069145466405746","0,5266362252663623",1,1,1,1,1,1,1,1,1,1
73,25,"0,2261609983912917","0,6405353728489483","0,6359223300970874","0,8850709358323572","0,6039215686274509","0,2786069651741293","0,1061367085034054","0,375","0,6190476190476191","0,0",0.5769230769230769,0.8955223880597015,0.7,0.1666666666666666,0.1,0.5555555555555556,0.7777777777777778,0.0021421093441223,0.0770494341168427,,0.0004487358358876,0.4140131575998362,"0,14935061909203054","0,6111097723879616","0,624185776034047","0,5652820940735551","0,5982925060435133","0,5395511029328256","0,29884478586594926","0,5339041095890411","0,38069145466405746","0,5266362252663623",1,1,1,1,1,1,1,1,1,1
74,267,"0,1174272006349791","0,312925430210325","0,523378640776699","0,7212286867109202","0,6764705882352942","0,2786069651741293","0,3223271734911132","0,5","0,8095238095238095","0,4444444444444444",0.2692307692307692,0.6417910447761194,0.62,0.1666666666666666,0.4,0.2222222222222222,0.6666666666666666,0.0,0.0,,0.0,0.296772159558684,"0,14935061909203054","0,6111097723879616","0,624185776034047","0,5652820940735551","0,5982925060435133","0,5395511029328256","0,29884478586594926","0,5339041095890411","0,38069145466405746","0,5266362252663623",1,1,1,1,1,1,1,1,1,1
75,75,"0,1136598467829377","0,641682600382409","0,7427184466019418","0,6765586359494988","0,6421568627450981","0,7711442786069652","0,4962299883547222","0,875","0,0","0,5555555555555556",0.5769230769230769,0.6268656716417911,0.7,0.7916666666666666,0.7,0.4444444444444444,0.5555555555555556,0.5353885514815252,0.0088954832098268,,0.0,0.0012565911267632,"0,14935061909203054","0,6111097723879616","0,624185776034047","0,5652820940735551","0,5982925060435133","0,5395511029328256","0,29884478586594926","0,5339041095890411","0,38069145466405746","0,5266362252663623",1,1,1,1,1,1,1,1,1,1
76,111,"0,2699327460721297","0,5912810707456979","0,6514563106796116","0,7802941559286738","0,7328431372549019","0,7711442786069652","0,0","0,25","0,0952380952380952","0,5555555555555556",0.5,0.7014925373134329,0.66,0.7916666666666666,0.4,0.5555555555555556,0.5555555555555556,0.0099472317008046,0.013900134398106,,0.0004430556354333,0.5972916800518774,"0,14935061909203054","0,6111097723879616","0,624185776034047","0,5652820940735551","0,5982925060435133","0,5395511029328256","0,29884478586594926","0,5339041095890411","0,38069145466405746","0,5266362252663623",1,1,1,1,1,1,1,1,1,1
77,518,"0,0300417413735675","0,621414913957935","0,3932038834951456","0,6247559547051933","0,5980392156862745","0,2786069651741293","0,4000917506734264","0,625","0,8095238095238095","0,4444444444444444",0.5769230769230769,0.4477611940298507,0.5,0.1666666666666666,0.1,0.0,0.8888888888888888,0.0208991428545568,0.0,,0.0009493035009205,0.0288044753171734,"0,14935061909203054","0,6111097723879616","0,624185776034047","0,5652820940735551","0,5982925060435133","0,5395511029328256","0,29884478586594926","0,5339041095890411","0,38069145466405746","0,5266362252663623",1,1,1,1,1,1,1,1,1,1
78,76,"0,1140978122984685","0,5449330783938815","0,6844660194174758","0,690225172458675","0,5833333333333334","0,2786069651741293","0,4442379400797525","0,5","0,7619047619047619","0,7777777777777778",0.4807692307692308,0.6716417910447762,0.7,0.1666666666666666,0.5,0.3333333333333333,0.6666666666666666,0.0055121602418471,0.2618214847908198,,0.0,0.0011908479524736,"0,14935061909203054","0,6111097723879616","0,624185776034047","0,5652820940735551","0,5982925060435133","0,5395511029328256","0,29884478586594926","0,5339041095890411","0,38069145466405746","0,5266362252663623",1,1,1,1,1,1,1,1,1,1
79,56,"0,1869453676996888","0,5831739961759083","0,6281553398058253","0,5661850839515814","0,6813725490196079","0,7711442786069652","0,3406067307352993","0,75","0,0","0,3333333333333333",0.4807692307692308,0.5223880597014925,0.62,0.7916666666666666,0.9,0.4444444444444444,0.1111111111111111,0.1627671225437397,0.2862624859402592,,0.0,0.0,"0,14935061909203054","0,6111097723879616","0,624185776034047","0,5652820940735551","0,5982925060435133","0,5395511029328256","0,29884478586594926","0,5339041095890411","0,38069145466405746","0,5266362252663623",1,1,1,1,1,1,1,1,1,1
80,20,"0,0938663567363773","0,5200764818355641","0,6019417475728155","0,6468827281010022","0,5392156862745098","0,7711442786069652","0,250114688341783","0,75","0,0","0,3333333333333333",0.4230769230769231,0.6268656716417911,0.6,0.7916666666666666,0.4,0.5555555555555556,0.6666666666666666,4.2238775799587e-05,0.1966842987117784,,0.0,0.0043285903617518,"0,14935061909203054","0,6111097723879616","0,624185776034047","0,5652820940735551","0,5982925060435133","0,5395511029328256","0,29884478586594926","0,5339041095890411","0,38069145466405746","0,5266362252663623",1,1,1,1,1,1,1,1,1,1
81,2,"0,0251716782299956","0,7248948374760992","0,7524271844660194","0,6700507614213198","0,5686274509803921","0,7711442786069652","0,3409125663133874","0,875","0,0","0,2222222222222222",0.6346153846153846,0.6268656716417911,0.7,0.7916666666666666,0.9,0.4444444444444444,0.2222222222222222,0.0317846787891953,0.0793195427998372,,0.0,0.0,"0,14935061909203054","0,6111097723879616","0,624185776034047","0,5652820940735551","0,5982925060435133","0,5395511029328256","0,29884478586594926","0,5339041095890411","0,38069145466405746","0,5266362252663623",1,1,1,1,1,1,1,1,1,1
82,61,"0,064582905171253","0,6281070745697896","0,335611650485437","0,5486138227254979","0,392549019607843","0,1459369817578772","0,5004646348205569","0,25","0,7619047619047619","0,6666666666666666",0.5961538461538461,0.373134328358209,0.52,0.1666666666666666,0.4,0.2222222222222222,0.8888888888888888,0.0004193707025816,0.0,,9.23032573819274e-06,0.005703220369626,"0,14935061909203054","0,6111097723879616","0,624185776034047","0,5652820940735551","0,5982925060435133","0,5395511029328256","0,29884478586594926","0,5339041095890411","0,38069145466405746","0,5266362252663623",1,1,1,1,1,1,1,1,1,1
83,516,"0,0765341194979696","0,7504780114722753","0,7621359223300971","0,7195106078354809","0,7450980392156863","0,7711442786069652","0,2001223342312352","0,5","0,0952380952380952","0,4444444444444444",0.6730769230769231,0.6716417910447762,0.7,0.7916666666666666,0.5,0.8888888888888888,0.2222222222222222,0.410014813742084,2.603021422866037e-05,,0.0,0.0014015249428109,"0,14935061909203054","0,6111097723879616","0,624185776034047","0,5652820940735551","0,5982925060435133","0,5395511029328256","0,29884478586594926","0,5339041095890411","0,38069145466405746","0,5266362252663623",1,1,1,1,1,1,1,1,1,1
84,80,"0,1170282126329664","0,7409177820267686","0,6805825242718446","0,5493427046726539","0,7426470588235294","0,6351575456053068","0,3903167750814581","1,0","0,0952380952380952","0,3333333333333333",0.6730769230769231,0.4626865671641791,0.66,0.7916666666666666,0.9,0.3333333333333333,0.2222222222222222,0.0948049322821912,0.0130740175991648,,0.0004714566377047,0.1048812812747003,"0,14935061909203054","0,6111097723879616","0,624185776034047","0,5652820940735551","0,5982925060435133","0,5395511029328256","0,29884478586594926","0,5339041095890411","0,38069145466405746","0,5266362252663623",1,1,1,1,1,1,1,1,1,1
85,78,"0,090016795764916","0,621414913957935","0,7961165048543689","0,6247559547051933","0,6813725490196079","0,7678275290215588","0,3001070424523308","0,75","0,0","0,5555555555555556",0.5769230769230769,0.5970149253731343,0.8,0.7916666666666666,0.6,0.6666666666666666,0.1111111111111111,0.2061463452899239,0.10684032929591,,0.0,0.0191237929030243,"0,14935061909203054","0,6111097723879616","0,624185776034047","0,5652820940735551","0,5982925060435133","0,5395511029328256","0,29884478586594926","0,5339041095890411","0,38069145466405746","0,5266362252663623",1,1,1,1,1,1,1,1,1,1
86,555,"0,1738538839320515","0,6787762906309751","0,4466019417475728","0,8232461278146558","1,0","0,9087893864013268","0,3006010845400115","0,375","0,0476190476190476","0,6666666666666666",0.5769230769230769,0.746268656716418,0.4,1.0,0.9,0.2222222222222222,0.0,0.0004042854255104,3.973032698059025e-05,,0.0007015047561028,0.3902305643005598,"0,14935061909203054","0,6111097723879616","0,624185776034047","0,5652820940735551","0,5982925060435133","0,5395511029328256","0,29884478586594926","0,5339041095890411","0,38069145466405746","0,5266362252663623",1,1,1,1,1,1,1,1,1,1
87,246,"0,1150439028538626","0,6692160611854685","0,6475728155339806","0,7614213197969544","0,5833333333333334","0,7711442786069652","0,2201192758754543","0,5","0,0476190476190476","0,7777777777777778",0.5769230769230769,0.746268656716418,0.62,0.7916666666666666,0.0,0.1111111111111111,0.3333333333333333,0.0171670453071211,0.0058074777955422,,7.810275624625687e-06,0.0001016030875385,"0,14935061909203054","0,6111097723879616","0,624185776034047","0,5652820940735551","0,5982925060435133","0,5395511029328256","0,29884478586594926","0,5339041095890411","0,38069145466405746","0,5266362252663623",1,1,1,1,1,1,1,1,1,1
88,133,"0,0196708880494943","0,5332695984703633","0,4834951456310679","0,5621502017441103","0,5833333333333334","0,2786069651741293","0,4205944973121757","0,5","0,7619047619047619","0,4444444444444444",0.4807692307692308,0.5223880597014925,0.48,0.1666666666666666,0.9,0.3333333333333333,0.1111111111111111,0.1620852680201177,3.83603157053962e-05,,0.0008633904690496,0.0,"0,14935061909203054","0,6111097723879616","0,624185776034047","0,5652820940735551","0,5982925060435133","0,5395511029328256","0,29884478586594926","0,5339041095890411","0,38069145466405746","0,5266362252663623",1,1,1,1,1,1,1,1,1,1
89,497,"0,0737766375870793","0,5401529636711281","0,6941747572815534","0,7581673825328649","0,6892156862745098","0,7711442786069652","0,4002093797419218","0,5","0,3333333333333333","0,4444444444444444",0.4807692307692308,0.746268656716418,0.7,0.7916666666666666,0.2,0.3333333333333333,0.7777777777777778,0.0,0.0,,0.0,0.2045583926391551,"0,14935061909203054","0,6111097723879616","0,624185776034047","0,5652820940735551","0,5982925060435133","0,5395511029328256","0,29884478586594926","0,5339041095890411","0,38069145466405746","0,5266362252663623",1,1,1,1,1,1,1,1,1,1
90,33,"0,0509932179126478","0,5798087954110899","0,6347572815533981","0,5671222178836393","0,7950980392156862","0,7711442786069652","0,2431157587663063","0,5","0,0","0,4444444444444444",0.5,0.4925373134328358,0.7,0.7916666666666666,0.4,1.0,0.4444444444444444,0.0099261123129048,0.1349296704711879,,0.0,0.004616963830795,"0,14935061909203054","0,6111097723879616","0,624185776034047","0,5652820940735551","0,5982925060435133","0,5395511029328256","0,29884478586594926","0,5339041095890411","0,38069145466405746","0,5266362252663623",1,1,1,1,1,1,1,1,1,1
91,421,"0,0581629543537882","0,5688336520076482","0,6310679611650486","0,0650787452817909","0,7034313725490197","0,7711442786069652","0,2006163763189159","0,5","0,0952380952380952","0,2222222222222222",0.4807692307692308,0.0,0.6,0.7916666666666666,0.8,0.4444444444444444,0.1111111111111111,0.0133866748730573,0.1511190937101412,,0.0,1.792995662444564e-05,"0,14935061909203054","0,6111097723879616","0,624185776034047","0,5652820940735551","0,5982925060435133","0,5395511029328256","0,29884478586594926","0,5339041095890411","0,38069145466405746","0,5266362252663623",1,1,1,1,1,1,1,1,1,1
92,58,"0,1385962425676968","0,6061185468451242","0,8033980582524272","0,0650787452817909","0,7352941176470589","0,7711442786069652","0,3505699128368602","0,75","0,0","0,2222222222222222",0.5192307692307693,0.0,0.75,0.7916666666666666,0.8,0.4444444444444444,0.1111111111111111,0.5830157882509829,0.0,,0.0,0.0,"0,14935061909203054","0,6111097723879616","0,624185776034047","0,5652820940735551","0,5982925060435133","0,5395511029328256","0,29884478586594926","0,5339041095890411","0,38069145466405746","0,5266362252663623",1,1,1,1,1,1,1,1,1,1
93,107,"0,0796161777941562","0,6644359464627151","0,6699029126213593","0,0026031498112716","0,5588235294117647","0,7711442786069652","0,4005857927611072","0,75","0,0","0,7777777777777778",0.5769230769230769,0.0,0.6,0.7916666666666666,0.7,0.3333333333333333,0.1111111111111111,0.1590320079408898,0.1257574449837722,,0.0005303887174178,2.3906608832594187e-05,"0,14935061909203054","0,6111097723879616","0,624185776034047","0,5652820940735551","0,5982925060435133","0,5395511029328256","0,29884478586594926","0,5339041095890411","0,38069145466405746","0,5266362252663623",1,1,1,1,1,1,1,1,1,1
94,92,"0,1796126343838363","0,5740726577437859","0,6310679611650486","0,0","0,5823529411764706","0,7711442786069652","0,500076458894522","0,625","0,0","0,7777777777777778",0.5,0.0,0.6,0.7916666666666666,0.8,0.4444444444444444,0.0,0.7977215197511532,0.0049799909853258,,7.1002505678407805e-06,0.0,"0,14935061909203054","0,6111097723879616","0,624185776034047","0,5652820940735551","0,5982925060435133","0,5395511029328256","0,29884478586594926","0,5339041095890411","0,38069145466405746","0,5266362252663623",1,1,1,1,1,1,1,1,1,1
95,68,"0,2239895965473009","0,5869980879541109","0,6353009708737865","0,0650787452817909","0,6115686274509804","0,7711442786069652","0,1703504169950478","0,75","0,0","1,0",0.4807692307692308,0.0,0.64,0.7916666666666666,0.3,0.5555555555555556,0.7777777777777778,0.1294105578837166,0.3377858699777099,,3.6211277895994325e-05,0.00626353151414,"0,14935061909203054","0,6111097723879616","0,624185776034047","0,5652820940735551","0,5982925060435133","0,5395511029328256","0,29884478586594926","0,5339041095890411","0,38069145466405746","0,5266362252663623",1,1,1,1,1,1,1,1,1,1
96,13,"0,0650662263388775","0,7805736137667304","0,5440776699029127","0,7484055707405962","0,4367843137254901","0,4112769485903814","0,2225189088727606","0,625","0,8095238095238095","0,6666666666666666",0.7307692307692307,0.746268656716418,0.6,0.1666666666666666,0.2,0.1111111111111111,1.0,0.0920624289106318,1.3700112751924551e-05,,1.7040601362821186e-05,0.0,"0,14935061909203054","0,6111097723879616","0,624185776034047","0,5652820940735551","0,5982925060435133","0,5395511029328256","0,29884478586594926","0,5339041095890411","0,38069145466405746","0,5266362252663623",1,1,1,1,1,1,1,1,1,1
97,113,"0,0420425634447617","0,7217973231357553","0,8155339805825242","0,7028504490433425","0,7671568627450981","0,7711442786069652","0,500076458894522","0,625","0,0476190476190476","0,3333333333333333",0.6730769230769231,0.5970149253731343,0.8,0.7916666666666666,0.5,0.6666666666666666,0.5555555555555556,0.0208388017462716,0.1165523392257517,,0.0,4.183656545703983e-05,"0,14935061909203054","0,6111097723879616","0,624185776034047","0,5652820940735551","0,5982925060435133","0,5395511029328256","0,29884478586594926","0,5339041095890411","0,38069145466405746","0,5266362252663623",1,1,1,1,1,1,1,1,1,1
98,235,"0,3631641236791938","0,5210325047801148","0,0","0,7256280098919693","0,5833333333333334","0,2786069651741293","0,5950619317045629","0,375","0,9047619047619048","0,6666666666666666",0.4807692307692308,0.6716417910447762,0.0,0.1666666666666666,0.7,0.1111111111111111,0.5555555555555556,0.003231266348669,0.0,,0.0435444166824647,0.7215522561115005,"0,14935061909203054","0,6111097723879616","0,624185776034047","0,5652820940735551","0,5982925060435133","0,5395511029328256","0,29884478586594926","0,5339041095890411","0,38069145466405746","0,5266362252663623",1,1,1,1,1,1,1,1,1,1
99,35,"0,2500315363518465","0,6500956022944551","0,6213592233009708","0,6359494988936614","0,6029411764705882","0,7711442786069652","0,4009033912460448","0,875","0,0","0,8888888888888888",0.5576923076923077,0.5970149253731343,0.6,0.7916666666666666,0.8,0.3333333333333333,0.5555555555555556,0.0153749143910526,0.4387611810045195,,9.940350794977643e-06,0.089690125524638,"0,14935061909203054","0,6111097723879616","0,624185776034047","0,5652820940735551","0,5982925060435133","0,5395511029328256","0,29884478586594926","0,5339041095890411","0,38069145466405746","0,5266362252663623",1,1,1,1,1,1,1,1,1,1
100,98,"0,1529470543630011","0,5401529636711281","0,5922330097087378","0,2603149811271639","0,5588235294117647","0,7711442786069652","0,4003975862515144","0,625","0,0","0,3333333333333333",0.4807692307692308,0.0,0.6,0.7916666666666666,0.3,0.8888888888888888,0.2222222222222222,0.6757932592947935,0.0048361398014305,,8.520300681410593e-06,0.0264212852491741,"0,14935061909203054","0,6111097723879616","0,624185776034047","0,5652820940735551","0,5982925060435133","0,5395511029328256","0,29884478586594926","0,5339041095890411","0,38069145466405746","0,5266362252663623",1,1,1,1,1,1,1,1,1,1
101,102,"0,0154450169020672","0,7552581261950286","0,716504854368932","0,0650787452817909","0,6563725490196078","0,7711442786069652","0,3004952183783657","0,875","0,0","0,3333333333333333",0.6730769230769231,0.0,0.6799999999999999,0.7916666666666666,0.8,0.5555555555555556,0.2222222222222222,0.024673479177792,0.0633219211394109,,0.0,0.0,"0,14935061909203054","0,6111097723879616","0,624185776034047","0,5652820940735551","0,5982925060435133","0,5395511029328256","0,29884478586594926","0,5339041095890411","0,38069145466405746","0,5266362252663623",1,1,1,1,1,1,1,1,1,1
102,27,"0,0297270865371668","0,607074569789675","0,683252427184466","0,7126122608356111","0,6715686274509803","0,7711442786069652","0,1799842377048215","0,75","0,0","0,4444444444444444",0.4807692307692308,0.6716417910447762,0.675,0.7916666666666666,0.4,0.7777777777777778,0.6666666666666666,0.2141415421377044,0.0005726647130305,,0.0002690994965212,0.0003137742409278,"0,14935061909203054","0,6111097723879616","0,624185776034047","0,5652820940735551","0,5982925060435133","0,5395511029328256","0,29884478586594926","0,5339041095890411","0,38069145466405746","0,5266362252663623",1,1,1,1,1,1,1,1,1,1
103,14,"0,0632987732713472","0,3499043977055449","0,8349514563106796","0,6794221007418977","0,5392156862745098","0,7711442786069652","0,0607789396915766","0,75","0,0952380952380952","0,4444444444444444",0.25,0.6268656716417911,0.8,0.7916666666666666,0.5,0.8888888888888888,0.2222222222222222,0.305120848154618,0.0106299174842208,,0.0030545277942858,0.0052758897367434,"0,14935061909203054","0,6111097723879616","0,624185776034047","0,5652820940735551","0,5982925060435133","0,5395511029328256","0,29884478586594926","0,5339041095890411","0,38069145466405746","0,5266362252663623",1,1,1,1,1,1,1,1,1,1
104,15,"0,0809704692183945","0,5812619502868069","0,6019417475728155","0,7379929714955096","0,5220588235294118","0,2786069651741293","0,1201345676543587","0,5","0,7142857142857143","0,3333333333333333",0.5384615384615384,0.746268656716418,0.6,0.1666666666666666,0.9,0.2222222222222222,0.0,0.0,0.0,,0.1039292076617384,0.0,"0,14935061909203054","0,6111097723879616","0,624185776034047","0,5652820940735551","0,5982925060435133","0,5395511029328256","0,29884478586594926","0,5339041095890411","0,38069145466405746","0,5266362252663623",1,1,1,1,1,1,1,1,1,1
105,72,"0,0008922307185327","0,6800000000000002","0,8883495145631068","0,6507874528179097","0,7313725490196078","0,7711442786069652","0,2201192758754543","0,5","0,0","0,4444444444444444",0.5769230769230769,0.5970149253731343,0.9,0.7916666666666666,0.7,0.5555555555555556,0.4444444444444444,0.0131603957169881,0.0408537362262491,,0.0,0.0,"0,14935061909203054","0,6111097723879616","0,624185776034047","0,5652820940735551","0,5982925060435133","0,5395511029328256","0,29884478586594926","0,5339041095890411","0,38069145466405746","0,5266362252663623",1,1,1,1,1,1,1,1,1,1
106,37,"0,0367033527748446","0,3550286806883364","0,4854368932038835","0,7195106078354809","0,5499999999999999","0,2786069651741293","0,2603366543940337","0,25","0,8095238095238095","0,3333333333333333",0.3269230769230769,0.6716417910447762,0.6,0.1666666666666666,0.5,0.1111111111111111,0.7777777777777778,0.0,0.0,,4.544160363418983e-05,0.1264211358328689,"0,14935061909203054","0,6111097723879616","0,624185776034047","0,5652820940735551","0,5982925060435133","0,5395511029328256","0,29884478586594926","0,5339041095890411","0,38069145466405746","0,5266362252663623",1,1,1,1,1,1,1,1,1,1
107,16,"0,1132176291750231","0,4159082217973231","0,4955339805825243","0,8920994403227906","0,6725490196078431","0,2786069651741293","0,228118052533142","0,25","0,8095238095238095","0,2222222222222222",0.3461538461538461,0.8955223880597015,0.6,0.1666666666666666,0.2,0.4444444444444444,0.6666666666666666,0.0065258908610374,0.0,,0.0006297922253676,0.2825776105643304,"0,14935061909203054","0,6111097723879616","0,624185776034047","0,5652820940735551","0,5982925060435133","0,5395511029328256","0,29884478586594926","0,5339041095890411","0,38069145466405746","0,5266362252663623",1,1,1,1,1,1,1,1,1,1
108,50,"0,09046964360379","0,5258126195028681","0,5233009708737865","0,619875048809059","0,6149019607843137","0,2786069651741293","0,2221189700398762","0,5","0,7619047619047619","0,7777777777777778",0.4807692307692308,0.4253731343283582,0.54,0.1666666666666666,0.2,0.5555555555555556,0.8888888888888888,0.0176678765058877,0.0,,0.0233292932907602,0.1571620464654826,"0,14935061909203054","0,6111097723879616","0,624185776034047","0,5652820940735551","0,5982925060435133","0,5395511029328256","0,29884478586594926","0,5339041095890411","0,38069145466405746","0,5266362252663623",1,1,1,1,1,1,1,1,1,1
109,517,"0,5166171770358664","0,745697896749522","0,6019417475728155","0,7353898216842379","0,5392156862745098","1,0","0,5003117170315128","0,625","0,0952380952380952","0,4444444444444444",0.6730769230769231,0.746268656716418,0.6,0.7916666666666666,0.3,0.3333333333333333,0.7777777777777778,0.5593801761356951,0.0144919792689893,,2.272080181709492e-05,0.0057525277503432,"0,14935061909203054","0,6111097723879616","0,624185776034047","0,5652820940735551","0,5982925060435133","0,5395511029328256","0,29884478586594926","0,5339041095890411","0,38069145466405746","0,5266362252663623",1,1,1,1,1,1,1,1,1,1
110,134,"0,0301593825961858","0,6051625239005736","0,5162330097087379","0,7549134452687752","0,5344313725490196","0,2786069651741293","0,2001223342312352","0,375","0,8095238095238095","0,7777777777777778",0.5769230769230769,0.5970149253731343,0.58,0.1666666666666666,0.2,0.2222222222222222,0.8888888888888888,8.146049618492615e-05,0.0,,0.0027754879469696,0.0043315786878558,"0,14935061909203054","0,6111097723879616","0,624185776034047","0,5652820940735551","0,5982925060435133","0,5395511029328256","0,29884478586594926","0,5339041095890411","0,38069145466405746","0,5266362252663623",1,1,1,1,1,1,1,1,1,1
111,223,"0,0140758431544855","0,8413001912045889","0,5864077669902913","0,6540413900819992","0,7696078431372549","0,7711442786069652","0,3004952183783657","0,5","0,0952380952380952","0,4444444444444444",0.7692307692307693,0.5970149253731343,0.64,0.7916666666666666,0.3,0.8888888888888888,0.5555555555555556,0.0652860621091027,4.932040590693797e-05,,0.0125283921269581,0.0201189054956811,"0,14935061909203054","0,6111097723879616","0,624185776034047","0,5652820940735551","0,5982925060435133","0,5395511029328256","0,29884478586594926","0,5339041095890411","0,38069145466405746","0,5266362252663623",1,1,1,1,1,1,1,1,1,1
112,163,"0,0121461018943071","0,6137667304015296","0,6223300970873786","0,6084862683847456","0,5049019607843137","0,2786069651741293","0,0721419077082328","0,5","0,7619047619047619","0,4444444444444444",0.5769230769230769,0.4477611940298507,0.66,0.1666666666666666,0.1,0.6666666666666666,0.7777777777777778,0.0,0.0522933303741089,,0.0002087473666945,0.0089500366817029,"0,14935061909203054","0,6111097723879616","0,624185776034047","0,5652820940735551","0,5982925060435133","0,5395511029328256","0,29884478586594926","0,5339041095890411","0,38069145466405746","0,5266362252663623",1,1,1,1,1,1,1,1,1,1
113,91,"0,1039849192456788","0,748565965583174","0,6864077669902913","0,6548223350253808","0,6029411764705882","1,0","0,3800948090292073","0,5","0,0","0,6666666666666666",0.6730769230769231,0.5522388059701493,0.62,0.7916666666666666,0.9,0.2222222222222222,0.0,0.0142314503890492,0.0050361614476087,,0.0,0.0,"0,14935061909203054","0,6111097723879616","0,624185776034047","0,5652820940735551","0,5982925060435133","0,5395511029328256","0,29884478586594926","0,5339041095890411","0,38069145466405746","0,5266362252663623",1,1,1,1,1,1,1,1,1,1
114,44,"0,0113360782951944","0,6548757170172084","0,6262135922330098","0,8590394377196409","0,6843137254901961","0,7711442786069652","0,2001223342312352","0,625","0,0476190476190476","0,2222222222222222",0.5769230769230769,0.8955223880597015,0.7,0.7916666666666666,0.4,0.7777777777777778,0.4444444444444444,0.0085473179885894,0.0011151891780069,,0.0,0.0656774311153478,"0,14935061909203054","0,6111097723879616","0,624185776034047","0,5652820940735551","0,5982925060435133","0,5395511029328256","0,29884478586594926","0,5339041095890411","0,38069145466405746","0,5266362252663623",1,1,1,1,1,1,1,1,1,1
115,17,"0,0529498890912569","0,609942638623327","0,5339805825242718","0,4386307431992711","0,5887254901960784","0,2786069651741293","0,4768447178666791","0,375","0,7142857142857143","0,5555555555555556",0.5769230769230769,0.2985074626865671,0.6,0.1666666666666666,0.5,0.2222222222222222,0.6666666666666666,0.2848673551587122,0.0016673037219096,,0.0001121839589719,0.0086975231259086,"0,14935061909203054","0,6111097723879616","0,624185776034047","0,5652820940735551","0,5982925060435133","0,5395511029328256","0,29884478586594926","0,5339041095890411","0,38069145466405746","0,5266362252663623",1,1,1,1,1,1,1,1,1,1
116,412,"0,4445023988887864","0,6897896749521988","0,4213592233009709","0,6650527137836783","0,0","0,2786069651741293","0,500076458894522","0,5","0,6190476190476191","0,6666666666666666",0.6346153846153846,0.6567164179104478,0.44,0.1666666666666666,0.5,0.5555555555555556,0.5555555555555556,7.240932994215918e-05,0.0,,1.0650375851762553e-05,0.9863089839541828,"0,14935061909203054","0,6111097723879616","0,624185776034047","0,5652820940735551","0,5982925060435133","0,5395511029328256","0,29884478586594926","0,5339041095890411","0,38069145466405746","0,5266362252663623",1,1,1,1,1,1,1,1,1,1
117,18,"0,3355574138774121","0,607074569789675","0,6514563106796116","0,5167252375374203","0,4803921568627451","0,2786069651741293","0,1005022761224753","0,25","0,7619047619047619","0,3333333333333333",0.5384615384615384,0.4776119402985074,0.66,0.1666666666666666,0.9,0.2222222222222222,0.4444444444444444,0.013217719769859,2.4660202953466324e-05,,0.3336251536316716,0.0,"0,14935061909203054","0,6111097723879616","0,624185776034047","0,5652820940735551","0,5982925060435133","0,5395511029328256","0,29884478586594926","0,5339041095890411","0,38069145466405746","0,5266362252663623",1,1,1,1,1,1,1,1,1,1
118,48,"0,0531291856534403","0,7918546845124285","0,6699029126213593","0,6811141481192242","0,5382352941176471","0,7711442786069652","0,3806241398374366","0,875","0,0952380952380952","0,4444444444444444",0.6923076923076923,0.6716417910447762,0.6,0.7916666666666666,0.7,0.5555555555555556,0.1111111111111111,0.1277391091842183,0.0817376127005525,,9.940350794977643e-06,0.0087169472455851,"0,14935061909203054","0,6111097723879616","0,624185776034047","0,5652820940735551","0,5982925060435133","0,5395511029328256","0,29884478586594926","0,5339041095890411","0,38069145466405746","0,5266362252663623",1,1,1,1,1,1,1,1,1,1
119,23,"0,0866640209202945","0,8333078393881452","0,7951456310679612","0,0650787452817909","0,5656862745098039","0,7711442786069652","0,3806241398374366","0,75","0,0","0,4444444444444444",0.7307692307692307,0.0,0.7400000000000001,0.7916666666666666,1.0,0.4444444444444444,0.1111111111111111,0.3793917012873776,0.0053348239056007,,3.9761403179916097e-05,0.0,"0,14935061909203054","0,6111097723879616","0,624185776034047","0,5652820940735551","0,5982925060435133","0,5395511029328256","0,29884478586594926","0,5339041095890411","0,38069145466405746","0,5266362252663623",1,1,1,1,1,1,1,1,1,1
120,4,"0,0915794397159602","0,6806883365200764","0,5442135922330097","0,4269165690485487","0,4518823529411764","0,2786069651741293","0,4443908578687966","0,5","0,7619047619047619","0,8888888888888888",0.6538461538461539,0.2835820895522388,0.66,0.1666666666666666,0.6,0.1111111111111111,0.5555555555555556,0.0012188903873597,3.288027060462531e-05,,0.0002776197972026,1.792995662444564e-05,"0,14935061909203054","0,6111097723879616","0,624185776034047","0,5652820940735551","0,5982925060435133","0,5395511029328256","0,29884478586594926","0,5339041095890411","0,38069145466405746","0,5266362252663623",1,1,1,1,1,1,1,1,1,1
121,29,"0,1346573876561758","0,5640535372848948","0,6006796116504854","0,6294416243654823","0,4901960784313725","0,2786069651741293","0,4767153258913342","0,375","0,8095238095238095","0,5555555555555556",0.4615384615384615,0.5970149253731343,0.622,0.1666666666666666,0.9,0.1111111111111111,0.2222222222222222,3.0170554142560463e-05,0.023528573640161,,0.1315186512932041,0.0284697827935171,"0,14935061909203054","0,6111097723879616","0,624185776034047","0,5652820940735551","0,5982925060435133","0,5395511029328256","0,29884478586594926","0,5339041095890411","0,38069145466405746","0,5266362252663623",1,1,1,1,1,1,1,1,1,1
122,77,"0,0467730162217324","0,8186615678776292","0,9805825242718448","0,5078745281790967","0,7254901960784313","0,7711442786069652","0,3344900191735382","0,75","0,0","0,6666666666666666",0.75,0.4477611940298507,1.0,0.7916666666666666,0.8,0.6666666666666666,0.3333333333333333,0.0089968592453137,0.1314402517532719,,0.0,0.0,"0,14935061909203054","0,6111097723879616","0,624185776034047","0,5652820940735551","0,5982925060435133","0,5395511029328256","0,29884478586594926","0,5339041095890411","0,38069145466405746","0,5266362252663623",1,1,1,1,1,1,1,1,1,1
123,6,"0,087808542453599","0,6319311663479924","0,7864077669902912","0,7191201353637903","0,7867647058823529","0,7711442786069652","0,5500688130050698","0,375","0,4285714285714285","0,7777777777777778",0.5384615384615384,0.6716417910447762,0.8,0.7916666666666666,0.8,0.4444444444444444,0.2222222222222222,0.4487206176515844,0.0054814151120463,,3.195112755529041e-05,0.0,"0,14935061909203054","0,6111097723879616","0,624185776034047","0,5652820940735551","0,5982925060435133","0,5395511029328256","0,29884478586594926","0,5339041095890411","0,38069145466405746","0,5266362252663623",1,1,1,1,1,1,1,1,1,1
124,110,"0,1883102893548867","0,5669216061185468","0,6200970873786408","0,5993752440452949","0,5568627450980392","0,2786069651741293","0,4004799265994613","0,375","0,8571428571428571","0,1111111111111111",0.5576923076923077,0.4925373134328358,0.622,0.1666666666666666,0.7,0.2222222222222222,0.3333333333333333,0.0002021427127552,0.0,,0.2066833238544988,2.3906608832594187e-05,"0,14935061909203054","0,6111097723879616","0,624185776034047","0,5652820940735551","0,5982925060435133","0,5395511029328256","0,29884478586594926","0,5339041095890411","0,38069145466405746","0,5266362252663623",1,1,1,1,1,1,1,1,1,1
125,67,"0,3613300544976507","0,5812619502868069","0,4866019417475729","0,5380710659898477","0,5176470588235293","0,2786069651741293","0,4604707515321186","0,375","0,8095238095238095","0,7777777777777778",0.5576923076923077,0.5223880597014925,0.472,0.1666666666666666,1.0,0.0,0.0,0.1412012104426322,1.5070124027118606e-05,,0.3469892452504649,0.0,"0,14935061909203054","0,6111097723879616","0,624185776034047","0,5652820940735551","0,5982925060435133","0,5395511029328256","0,29884478586594926","0,5339041095890411","0,38069145466405746","0,5266362252663623",1,1,1,1,1,1,1,1,1,1
126,45,"0,0818010445973622","0,652963671128107","0,4401456310679611","0,6065339060262919","0,5715686274509804","0,2786069651741293","0,2481149941773612","0,625","0,8095238095238095","0,6666666666666666",0.6538461538461539,0.3880597014925373,0.525,0.1666666666666666,0.2,0.1111111111111111,1.0,0.0119264200525571,0.0,,0.0174240148934855,0.0415212970530622,"0,14935061909203054","0,6111097723879616","0,624185776034047","0,5652820940735551","0,5982925060435133","0,5395511029328256","0,29884478586594926","0,5339041095890411","0,38069145466405746","0,5266362252663623",1,1,1,1,1,1,1,1,1,1
127,161,"0,0742861799910706","0,5697896749521989","0,566457281553398","0,5375504360275934","0,5233333333333333","0,2786069651741293","0,0721419077082328","0,625","0,7619047619047619","0,7777777777777778",0.5384615384615384,0.3134328358208955,0.62832,0.1666666666666666,0.2,0.1111111111111111,1.0,0.001680499865741,0.0,,0.0029615145118471,0.1110969995711752,"0,14935061909203054","0,6111097723879616","0,624185776034047","0,5652820940735551","0,5982925060435133","0,5395511029328256","0,29884478586594926","0,5339041095890411","0,38069145466405746","0,5266362252663623",1,1,1,1,1,1,1,1,1,1
128,254,"0,0447653199345177","0,5831739961759083","0,7038834951456311","0,6898346999869843","0,6862745098039216","0,7711442786069652","0,2003458294613765","0,625","0,0","0,3333333333333333",0.4807692307692308,0.6716417910447762,0.7,0.7916666666666666,0.8,0.4444444444444444,0.2222222222222222,0.0008870142917914,0.1308251166907103,,0.0,3.585991324889128e-05,"0,14935061909203054","0,6111097723879616","0,624185776034047","0,5652820940735551","0,5982925060435133","0,5395511029328256","0,29884478586594926","0,5339041095890411","0,38069145466405746","0,5266362252663623",1,1,1,1,1,1,1,1,1,1
129,112,"0,1043902853862672","0,6118546845124283","0,5242718446601942","0,5401535858388651","0,6176470588235294","0,2786069651741293","0,2225071459659111","0,5","0,7619047619047619","0,8888888888888888",0.5769230769230769,0.373134328358209,0.6,0.1666666666666666,0.2,0.3333333333333333,1.0,0.0214301446074659,0.0,,0.0025177488513569,0.0,"0,14935061909203054","0,6111097723879616","0,624185776034047","0,5652820940735551","0,5982925060435133","0,5395511029328256","0,29884478586594926","0,5339041095890411","0,38069145466405746","0,5266362252663623",1,1,1,1,1,1,1,1,1,1
130,8,"0,1609643745526444","0,7160611854684512","0,5436893203883495","0,0013015749056358","0,5009803921568627","0,2786069651741293","0,2005105101572701","0,375","0,6190476190476191","0,6666666666666666",0.6923076923076923,0.0,0.6,0.1666666666666666,0.2,0.5555555555555556,0.7777777777777778,0.1708860186635048,0.0,,0.0029671947123013,0.0,"0,14935061909203054","0,6111097723879616","0,624185776034047","0,5652820940735551","0,5982925060435133","0,5395511029328256","0,29884478586594926","0,5339041095890411","0,38069145466405746","0,5266362252663623",1,1,1,1,1,1,1,1,1,1
131,106,"0,2046163549646721","0,5989292543021033","0,7194174757281553","0,5078745281790967","0,6519607843137255","0,7711442786069652","0,3344900191735382","0,75","0,0","0,2222222222222222",0.5,0.4477611940298507,0.66,0.7916666666666666,0.7,0.6666666666666666,0.3333333333333333,0.4986800382562626,0.2083746049229984,,0.0,0.0001748170770883,"0,14935061909203054","0,6111097723879616","0,624185776034047","0,5652820940735551","0,5982925060435133","0,5395511029328256","0,29884478586594926","0,5339041095890411","0,38069145466405746","0,5266362252663623",1,1,1,1,1,1,1,1,1,1
132,19,"0,1079457433011827","0,5497131931166348","0,6407766990291263","0,569439021215671","0,5823529411764706","0,7711442786069652","0,2602660769529365","0,5","0,0","0,2222222222222222",0.4807692307692308,0.5223880597014925,0.6,0.7916666666666666,0.9,0.4444444444444444,0.2222222222222222,0.1560571913024326,0.1828841751367613,,0.0,0.0,"0,14935061909203054","0,6111097723879616","0,624185776034047","0,5652820940735551","0,5982925060435133","0,5395511029328256","0,29884478586594926","0,5339041095890411","0,38069145466405746","0,5266362252663623",1,1,1,1,1,1,1,1,1,1
133,62,"0,1735881281580644","0,5762906309751433","0,8349514563106796","0,5934140309774828","0,6421568627450981","0,7711442786069652","0,4004799265994613","0,75","0,0952380952380952","0,2222222222222222",0.4807692307692308,0.5671641791044776,0.8,0.7916666666666666,0.8,0.4444444444444444,0.1111111111111111,0.658059007569792,0.0468338354424656,,0.0010373466079617,0.0058466600226216,"0,14935061909203054","0,6111097723879616","0,624185776034047","0,5652820940735551","0,5982925060435133","0,5395511029328256","0,29884478586594926","0,5339041095890411","0,38069145466405746","0,5266362252663623",1,1,1,1,1,1,1,1,1,1
134,498,"0,0502335107400766","0,5764818355640535","0,5757281553398058","0,6638032018742679","0,4705882352941176","0,2786069651741293","0,4600825756060837","0,25","0,7619047619047619","0,4444444444444444",0.5,0.5970149253731343,0.58,0.1666666666666666,1.0,0.5555555555555556,0.0,6.335816369939222e-05,1.3700112751924551e-05,,0.0736828502677859,0.0,"0,14935061909203054","0,6111097723879616","0,624185776034047","0,5652820940735551","0,5982925060435133","0,5395511029328256","0,29884478586594926","0,5339041095890411","0,38069145466405746","0,5266362252663623",1,1,1,1,1,1,1,1,1,1
135,101,"0,2197261652504836","0,6405353728489483","0,5407766990291263","0,5421059481973188","0,5233333333333333","0,2786069651741293","0,0721419077082328","0,625","0,7619047619047619","0,7777777777777778",0.6153846153846154,0.3283582089552239,0.6,0.1666666666666666,0.1,0.2222222222222222,1.0,0.0,0.0,,0.005525414991895,0.3000369058273853,"0,14935061909203054","0,6111097723879616","0,624185776034047","0,5652820940735551","0,5982925060435133","0,5395511029328256","0,29884478586594926","0,5339041095890411","0,38069145466405746","0,5266362252663623",1,1,1,1,1,1,1,1,1,1
136,5,"0,3621464562353391","0,6826003824091779","0,6504854368932039","0,5654041390082","0,6519607843137255","0,7711442786069652","0,5003117170315128","0,75","0,0952380952380952","0,1111111111111111",0.6153846153846154,0.5223880597014925,0.6,0.7916666666666666,0.8,0.5555555555555556,0.2222222222222222,0.0369166900488461,0.7167309886960368,,0.0001846065147639,0.0006992683083534,"0,14935061909203054","0,6111097723879616","0,624185776034047","0,5652820940735551","0,5982925060435133","0,5395511029328256","0,29884478586594926","0,5339041095890411","0,38069145466405746","0,5266362252663623",1,1,1,1,1,1,1,1,1,1
137,157,"0,3227664113048962","0,5564053537284895","0,625242718446602","0,0650787452817909","0,5862745098039216","0,7014925373134329","0,3006363732605602","0,75","0,0952380952380952","1,0",0.5192307692307693,0.0,0.64,0.7916666666666666,0.8,0.3333333333333333,0.3333333333333333,0.1590470932179611,6.028049610847974e-05,,0.0381276355242576,0.0,"0,14935061909203054","0,6111097723879616","0,624185776034047","0,5652820940735551","0,5982925060435133","0,5395511029328256","0,29884478586594926","0,5339041095890411","0,38069145466405746","0,5266362252663623",1,1,1,1,1,1,1,1,1,1
138,83,"0,0258279178212278","0,8221797323135756","0,941747572815534","0,6377717037615516","0,7745098039215687","0,7678275290215588","0,2001223342312352","0,625","0,0952380952380952","0,5555555555555556",0.7692307692307693,0.5970149253731343,1.0,0.7916666666666666,0.6,0.5555555555555556,0.3333333333333333,0.1952366729119714,0.0010261384451194,,0.0,0.0,"0,14935061909203054","0,6111097723879616","0,624185776034047","0,5652820940735551","0,5982925060435133","0,5395511029328256","0,29884478586594926","0,5339041095890411","0,38069145466405746","0,5266362252663623",1,1,1,1,1,1,1,1,1,1
139,350,"0,2842622974055149","0,2390057361376673","0,5601941747572816","0,7581673825328649","0,4705882352941176","0,0","0,000152917789044","0,375","0,7142857142857143","0,1111111111111111",0.1923076923076923,0.6716417910447762,0.62,0.0,0.5,0.0,0.7777777777777778,0.0,0.0,,0.0,0.6485220486170774,"0,14935061909203054","0,6111097723879616","0,624185776034047","0,5652820940735551","0,5982925060435133","0,5395511029328256","0,29884478586594926","0,5339041095890411","0,38069145466405746","0,5266362252663623",1,1,1,1,1,1,1,1,1,1
140,154,"0,1516735526940549","0,7743785850860421","0,658252427184466","0,0","0,6323529411764706","0,7678275290215588","0,1202874854434028","0,625","0,0952380952380952","0,7777777777777778",0.6730769230769231,0.0,0.6799999999999999,0.7916666666666666,0.3,0.6666666666666666,0.6666666666666666,0.0515524258634058,0.2835991840212845,,0.0,0.0214845705252431,"0,14935061909203054","0,6111097723879616","0,624185776034047","0,5652820940735551","0,5982925060435133","0,5395511029328256","0,29884478586594926","0,5339041095890411","0,38069145466405746","0,5266362252663623",1,1,1,1,1,1,1,1,1,1
141,238,"0,3038920818952992","0,5822179732313576","0,687378640776699","0,1301574905635819","0,6225490196078431","0,7711442786069652","0,4603884111841717","0,75","0,0","0,6666666666666666",0.4807692307692308,0.0,0.6799999999999999,0.7916666666666666,0.9,0.1111111111111111,0.0,0.0308131869458046,0.0114108239110807,,0.000151235337095,0.0,"0,14935061909203054","0,6111097723879616","0,624185776034047","0,5652820940735551","0,5982925060435133","0,5395511029328256","0,29884478586594926","0,5339041095890411","0,38069145466405746","0,5266362252663623",1,1,1,1,1,1,1,1,1,1
142,115,"0,0771705159914107","0,6500956022944551","0,552504854368932","0,5723675647533516","0,4867058823529411","0,2786069651741293","0,2004869843435709","0,25","0,8095238095238095","0,3333333333333333",0.6153846153846154,0.3507462686567164,0.62,0.1666666666666666,0.2,0.3333333333333333,0.8888888888888888,0.0,0.0,,0.0265599072991285,0.0135236697839888,"0,14935061909203054","0,6111097723879616","0,624185776034047","0,5652820940735551","0,5982925060435133","0,5395511029328256","0,29884478586594926","0,5339041095890411","0,38069145466405746","0,5266362252663623",1,1,1,1,1,1,1,1,1,1
143,26,"0,0978838753569986","0,4569789674952199","0,5110679611650486","0,6260575296108292","0,5941176470588235","0,2786069651741293","0,2261183583687201","0,5","0,8095238095238095","0,5555555555555556",0.4230769230769231,0.4477611940298507,0.6,0.1666666666666666,0.2,0.4444444444444444,0.7777777777777778,0.0033881532302103,0.0,,0.0001448451115839,0.2281631805352391,"0,14935061909203054","0,6111097723879616","0,624185776034047","0,5652820940735551","0,5982925060435133","0,5395511029328256","0,29884478586594926","0,5339041095890411","0,38069145466405746","0,5266362252663623",1,1,1,1,1,1,1,1,1,1
144,142,"0,0542453599041861","0,6730401529636711","0,6223300970873786","0,5531693348952232","0,5127450980392156","0,2786069651741293","0,3001070424523308","0,625","0,8095238095238095","0,4444444444444444",0.6153846153846154,0.373134328358209,0.66,0.1666666666666666,0.1,0.6666666666666666,0.7777777777777778,0.0004555753675527,0.0,,2.6270927101016685e-05,0.0046453529287837,"0,14935061909203054","0,6111097723879616","0,624185776034047","0,5652820940735551","0,5982925060435133","0,5395511029328256","0,29884478586594926","0,5339041095890411","0,38069145466405746","0,5266362252663623",1,1,1,1,1,1,1,1,1,1
145,143,"0,0960122460260653","0,4082217973231357","0,5609320388349515","0,5486138227254979","0,5098039215686274","0,2786069651741293","0,2221189700398762","0,625","0,8571428571428571","0,6666666666666666",0.3653846153846153,0.373134328358209,0.64,0.1666666666666666,0.4,0.2222222222222222,0.7777777777777778,0.0,0.0,,0.0001618857129468,0.2442881881928247,"0,14935061909203054","0,6111097723879616","0,624185776034047","0,5652820940735551","0,5982925060435133","0,5395511029328256","0,29884478586594926","0,5339041095890411","0,38069145466405746","0,5266362252663623",1,1,1,1,1,1,1,1,1,1
